"EventDetailID","EventID","ViolationID","Resolved?","DateResolved","DetailAttach","IncludeCitation"
1,1,69,1,4/10/2015 0:00:00,"1539-7 Williamsburg.pdf;DSCF0028.JPG;DSCF0029.JPG",0
2,1,70,0,,,0
4,2,100,1,,"DSCF0020.JPG",1
5,2,101,1,,,1
6,2,131,1,,,1
7,3,92,1,4/13/2015 0:00:00,"DSCF0004.JPG",1
8,4,92,1,,"DSCF0005.JPG",1
9,5,86,1,,"WIN_20150319_122710.JPG;WIN_20150319_122727.JPG;WIN_20150319_122744.JPG;WIN_20150319_122750.JPG",1
10,5,100,1,,,1
11,5,101,1,,,1
12,5,102,1,,,1
13,6,130,1,4/24/2015 0:00:00,"136 Thornberry POD.pdf;DSCF0021.JPG",0
14,7,130,1,6/9/2015 0:00:00,"Elmhill Hosanna House.pdf;WIN_20150318_100029.JPG;WIN_20150318_100036.JPG;WIN_20150318_100045.JPG;WIN_20150318_100058.JPG",0
15,8,130,1,3/27/2015 0:00:00,,0
16,9,130,0,,,0
17,10,65,0,,"DSCF0026.JPG;DSCF0027.JPG",1
18,11,65,1,5/19/2015 0:00:00,"DSCF0030.JPG",1
19,12,91,0,,"3576 Ridgewood Action Form.pdf",1
20,12,113,0,,,0
21,13,86,1,4/2/2015 0:00:00,,1
22,13,100,1,4/2/2015 0:00:00,,1
23,13,101,1,4/2/2015 0:00:00,,1
24,13,102,0,,,1
25,14,86,1,4/6/2015 0:00:00,"3607 Ridgewood Action Form.pdf;3607 Ridgewood Tenant.pdf;3607 Ridgewood.pdf;DSCF0038.JPG;DSCF0039.JPG",1
26,15,130,1,3/31/2015 0:00:00,"DSCF0049.JPG;DSCF0050.JPG",0
27,16,130,0,,"DSCF0058.JPG;DSCF0059.JPG",0
28,17,130,1,3/31/2015 0:00:00,"DSCF0024.JPG;DSCF0025.JPG",0
30,17,69,1,3/31/2015 0:00:00,,0
31,17,70,1,3/31/2015 0:00:00,,0
32,18,130,1,6/9/2015 0:00:00,"DSCF0056.JPG;DSCF0057.JPG",0
33,19,130,0,,"DSCF0054.JPG;DSCF0055.JPG",0
34,20,130,0,,"DSCF0051.JPG;DSCF0052.JPG;DSCF0053.JPG",0
35,21,130,1,6/30/2015 0:00:00,,0
36,21,69,1,6/30/2015 0:00:00,,0
37,22,130,1,7/7/2015 0:00:00,"DSCF0060.JPG",0
38,22,65,1,7/7/2015 0:00:00,,1
39,23,61,1,4/21/2015 0:00:00,"DSCF0061.JPG;DSCF0062.JPG;DSCF0063.JPG;DSCF0064.JPG",1
40,23,69,1,4/21/2015 0:00:00,,1
41,23,70,1,4/24/2015 0:00:00,,1
42,23,68,1,4/21/2015 0:00:00,,1
44,24,91,1,4/23/2015 0:00:00,"DSCF0074.JPG;DSCF0075.JPG;DSCF0076.JPG;DSCF0077.JPG",1
45,25,91,1,5/6/2015 0:00:00,"DSCF0081.JPG;DSCF0082.JPG",1
46,26,100,1,4/9/2015 0:00:00,"doc00900320150402150948.pdf;DSCF0083.JPG",1
47,26,101,1,4/9/2015 0:00:00,,1
48,26,102,1,4/9/2015 0:00:00,,1
50,27,86,1,4/8/2015 0:00:00,"893 Larimer Tenant.pdf;doc00900020150402150911.pdf;DSCF0065.JPG",1
51,27,100,1,4/8/2015 0:00:00,,1
52,27,101,1,4/8/2015 0:00:00,,1
53,27,102,0,,,1
54,28,86,1,4/8/2015 0:00:00,"611 LArimer Tenant.pdf;DSCF0036.JPG;DSCF0037.JPG;DSCF0066.JPG;DSCF0067.JPG",1
55,28,100,1,4/8/2015 0:00:00,,1
56,29,113,0,,"doc00900120150402150921.pdf;doc00900420150402151038.pdf;DSCF0068.JPG;DSCF0069.JPG;DSCF0070.JPG;DSCF0071.JPG;DSCF0072.JPG;DSCF0073.JPG",0
57,30,86,1,4/8/2015 0:00:00,"DSCF0085.JPG;DSCF0086.JPG",1
58,30,100,1,4/8/2015 0:00:00,,1
59,31,86,1,4/27/2015 0:00:00,"DSCF0048.JPG",1
60,31,90,1,4/27/2015 0:00:00,,1
61,31,91,1,8/24/2015 0:00:00,,1
62,32,134,0,,"DSCF0006.JPG;DSCF0007.JPG;DSCF0088.JPG",1
63,33,65,1,4/10/2015 0:00:00,"DSCF0091.JPG",1
64,34,113,0,,"DSCF0040.JPG;DSCF0041.JPG;DSCF0042.JPG;DSCF0043.JPG;DSCF0044.JPG;DSCF0045.JPG;DSCF0046.JPG",0
65,35,100,1,4/16/2015 0:00:00,"DSCF0095.JPG",1
66,35,101,1,4/16/2015 0:00:00,,1
67,35,113,1,4/16/2015 0:00:00,,0
68,36,100,1,4/9/2015 0:00:00,"DSCF0092.JPG;DSCF0093.JPG",1
69,36,101,1,4/9/2015 0:00:00,,1
70,36,102,1,4/9/2015 0:00:00,,1
71,37,85,1,4/16/2015 0:00:00,"DSCF0097.JPG;DSCF0098.JPG;DSCF0099.JPG",1
72,37,100,1,4/16/2015 0:00:00,,1
73,38,61,1,4/17/2015 0:00:00,"2111 Garrick Action Form.pdf;DSCF0112.JPG;DSCF0113.JPG;DSCF0114.JPG;DSCF0115.JPG;DSCF0117.JPG;DSCF0118.JPG;DSCF0119.JPG;DSCF0120.JPG;DSCF0121.JPG",1
74,38,69,1,4/17/2015 0:00:00,,1
75,38,70,1,4/17/2015 0:00:00,,1
76,39,64,0,,"DSCF0103.JPG;DSCF0104.JPG;DSCF0105.JPG;DSCF0106.JPG;DSCF0107.JPG;DSCF0108.JPG;DSCF0109.JPG;DSCF0110.JPG;DSCF0111.JPG",1
77,40,86,1,4/23/2015 0:00:00,"319 Cline Action Form.pdf;DSCF0125.JPG;DSCF0126.JPG",1
78,40,102,1,4/23/2015 0:00:00,,1
79,41,135,0,,"106 Hart Action Form.pdf;DSCF0068.JPG;DSCF0069.JPG;DSCF0070.JPG;DSCF0071.JPG;DSCF0072.JPG;DSCF0073.JPG;DSCF0150.JPG;DSCF0151.JPG;DSCF0152.JPG",1
80,42,100,1,4/22/2015 0:00:00,"DSCF0153.JPG;DSCF0154.JPG",1
81,42,101,1,4/22/2015 0:00:00,,1
82,43,100,1,4/9/2015 0:00:00,"DSCF0123.JPG;DSCF0124.JPG",1
83,43,101,1,4/9/2015 0:00:00,,1
84,43,102,1,4/9/2015 0:00:00,,1
85,46,91,1,4/27/2015 0:00:00,"102 Briaridge DOT Abstract.pdf;DSCF0078.JPG;DSCF0079.JPG;DSCF0080.JPG;DSCF0101.JPG;DSCF0138.JPG",1
86,47,100,1,5/14/2015 0:00:00,"124 Powell Owner Notice.pdf;DSCF0157.JPG;DSCF0158.JPG",1
87,47,131,1,4/23/2015 0:00:00,,1
88,48,100,1,4/16/2015 0:00:00,"DSCF0159.JPG;DSCF0160.JPG",1
89,48,101,1,4/16/2015 0:00:00,,1
90,49,136,1,4/22/2015 0:00:00,"403 Nothern Pike Action Form.pdf;DSCF0162.JPG;DSCF0163.JPG;DSCF0164.JPG",1
91,49,100,1,4/22/2015 0:00:00,,1
92,49,101,1,4/22/2015 0:00:00,,1
93,49,102,1,4/22/2015 0:00:00,,1
94,49,131,1,4/22/2015 0:00:00,,1
95,49,86,1,4/22/2015 0:00:00,,1
96,50,136,1,5/6/2015 0:00:00,"330 Cline Street Action Form.pdf;DSCF0047.JPG",1
97,50,88,1,5/6/2015 0:00:00,,1
103,53,136,0,,"DSCF0165.JPG;DSCF0166.JPG;DSCF0167.JPG;DSCF0168.JPG;DSCF0169.JPG;DSCF0170.JPG;DSCF0171.JPG;DSCF0172.JPG;DSCF0173.JPG;DSCF0174.JPG;DSCF0175.JPG",1
104,53,86,0,,,1
105,53,100,0,,,1
106,53,101,0,,,1
107,54,136,1,9/3/2015 0:00:00,"DSCF0179.JPG;DSCF0180.JPG",1
108,54,86,1,9/3/2015 0:00:00,,1
109,54,100,1,9/3/2015 0:00:00,,1
110,54,101,1,9/3/2015 0:00:00,,1
112,55,136,0,,"894 Stevendale Action Form.pdf;DSCF0177.JPG",1
113,55,131,0,,,1
115,56,136,1,4/22/2015 0:00:00,"DSCF0187.JPG",1
116,56,86,1,4/22/2015 0:00:00,,1
117,56,100,1,4/22/2015 0:00:00,,1
118,57,113,0,,"DSCF0186.JPG",0
119,58,136,1,4/22/2015 0:00:00,"DSCF0094.JPG;DSCF0182.JPG;DSCF0183.JPG",1
120,58,86,1,4/22/2015 0:00:00,,1
121,58,100,0,,,1
122,58,101,1,4/22/2015 0:00:00,,1
123,58,137,1,4/22/2015 0:00:00,,1
124,58,98,0,,,1
125,59,113,1,4/27/2015 0:00:00,"DSCF0184.JPG;DSCF0185.JPG",0
126,64,113,1,4/13/2015 0:00:00,"715 McMasters Action Form.pdf",0
127,65,113,0,,"DSCF0161.JPG;DSCF0181.JPG",0
128,66,113,0,,"103 Lucinda Action Form.pdf;DSCF0136.JPG;DSCF0137.JPG",0
129,67,139,1,4/17/2015 0:00:00,"DSCF0191.JPG",0
130,67,130,1,4/17/2015 0:00:00,,0
131,68,138,0,,"122 Fenwick Actrion Form.pdf;DSCF0188.JPG;DSCF0189.JPG;DSCF0190.JPG",1
132,68,63,0,,,1
133,68,64,0,,,1
134,70,138,0,,,1
135,70,65,0,,,1
136,71,138,0,,"DSCF0212.JPG;DSCF0213.JPG;DSCF0214.JPG;DSCF0215.JPG",1
137,71,61,0,,,1
138,71,69,0,,,1
139,71,70,0,,,1
140,72,138,1,6/2/2015 0:00:00,,1
141,72,61,1,6/2/2015 0:00:00,,1
142,72,69,1,6/2/2015 0:00:00,,1
143,72,140,1,6/2/2015 0:00:00,,1
144,73,138,1,4/17/2015 0:00:00,"DSCF0220.JPG;DSCF0221.JPG",1
145,73,69,1,4/17/2015 0:00:00,,1
147,73,139,1,4/17/2015 0:00:00,,1
148,74,138,1,5/1/2015 0:00:00,"DSCF0222.JPG",1
149,74,64,1,5/1/2015 0:00:00,,1
150,75,138,1,4/21/2015 0:00:00,"DSCF0218.JPG;DSCF0219.JPG;DSCF0250.JPG",1
151,75,61,1,4/21/2015 0:00:00,,1
152,75,69,1,4/21/2015 0:00:00,,1
153,75,70,1,4/24/2015 0:00:00,,1
154,75,68,1,4/21/2015 0:00:00,,1
155,76,130,1,4/15/2015 0:00:00,"DSCF0205.JPG;DSCF0206.JPG;DSCF0207.JPG;DSCF0208.JPG;DSCF0209.JPG;DSCF0210.JPG;DSCF0211.JPG",0
156,77,136,1,4/23/2015 0:00:00,,1
157,77,92,1,4/23/2015 0:00:00,,1
158,78,136,0,,"DSCF0223.JPG;DSCF0224.JPG;DSCF0225.JPG;DSCF0226.JPG;DSCF0227.JPG;DSCF0228.JPG;DSCF0229.JPG;DSCF0230.JPG;DSCF0231.JPG;DSCF0232.JPG;DSCF0233.JPG;DSCF0234.JPG;DSCF0235.JPG;DSCF0236.JPG;Ele Brothers 0 Rodi.pdf;Eles Brothers Action Form.pdf",1
159,79,136,0,,"DSCF0237.JPG;DSCF0238.JPG;DSCF0239.JPG;DSCF0240.JPG;DSCF0241.JPG;DSCF0242.JPG;DSCF0243.JPG;DSCF0244.JPG;DSCF0245.JPG;DSCF0246.JPG;DSCF0247.JPG;DSCF0248.JPG;Eles Brotehrs 1235 Rodi.pdf;Eles Brothers 1235 Rodi.pdf;Eles Brothers Action Form.pdf",0
160,78,86,0,,,1
161,78,100,0,,,1
162,78,101,0,,,1
163,78,91,0,,,1
164,79,86,0,,,0
165,79,100,0,,,0
166,79,101,0,,,0
167,79,91,0,,,0
168,80,138,1,4/24/2015 0:00:00,"DSCF0252.JPG;DSCF0253.JPG",1
169,80,69,1,4/24/2015 0:00:00,,1
170,80,70,1,4/24/2015 0:00:00,,1
171,81,113,1,4/22/2015 0:00:00,"DSCF0269.JPG",0
173,82,136,0,,"DSCF0263.JPG;DSCF0264.JPG;DSCF0265.JPG;DSCF0266.JPG;DSCF0267.JPG",1
175,82,86,0,,,1
176,82,100,0,,,1
177,82,88,0,,,1
178,83,113,1,4/27/2015 0:00:00,"DSCF0271.JPG;DSCF0272.JPG;DSCF0273.JPG;DSCF0274.JPG;DSCF0275.JPG",0
179,85,136,0,,,1
180,85,85,0,,,1
181,85,86,0,,,1
182,85,100,0,,,1
183,86,136,0,,"4050 Miller Return to Sender.pdf",1
184,86,86,0,,,1
185,86,100,0,,,1
186,87,136,0,,,1
187,87,91,0,,,1
188,88,113,0,,"647 Highland Action Form.pdf;DSCF0257.JPG",0
189,89,136,0,,"491 Brown A-1 Auto Action Form.pdf;DSCF0290.JPG;DSCF0291.JPG;DSCF0292.JPG;DSCF0293.JPG;DSCF0294.JPG",1
190,89,91,0,,,1
191,90,130,1,4/27/2015 0:00:00,"DSCF0022.JPG;DSCF0023.JPG",0
192,91,138,0,,,1
193,91,63,0,,,1
194,91,64,0,,,1
195,92,136,0,,"3764 OWP Action Form.pdf;3764 OWP Rental Registration.pdf;DSCF0309.JPG;DSCF0310.JPG;DSCF0311.JPG;DSCF0312.JPG;DSCF0313.JPG;DSCF0314.JPG;DSCF0315.JPG;DSCF0316.JPG",1
196,92,100,0,,,1
197,92,101,0,,,1
198,92,86,0,,,1
199,94,136,0,,"707 McMasters Action Form.pdf;DSCF0308.JPG",1
200,94,141,0,,,1
201,95,136,1,9/3/2015 0:00:00,"DSCF0306.JPG;DSCF0307.JPG",1
202,95,86,1,9/3/2015 0:00:00,,1
203,95,100,1,9/3/2015 0:00:00,,1
204,95,101,1,9/3/2015 0:00:00,,1
206,96,138,1,,,1
207,96,139,1,,,1
208,96,61,1,,,1
209,97,138,0,,,1
210,97,139,0,,,1
211,97,69,0,,,1
212,98,138,1,5/8/2015 0:00:00,,1
213,98,132,1,5/8/2015 0:00:00,,1
214,102,139,1,5/8/2015 0:00:00,"DSCF0364.JPG;DSCF0365.JPG;DSCF0366.JPG;DSCF0367.JPG",1
215,102,138,1,5/8/2015 0:00:00,,0
216,103,138,0,,,1
217,103,69,0,,,0
218,104,136,1,8/3/2015 0:00:00,"621 Beaver Action Form.pdf;DSCF0377.JPG;DSCF0378.JPG;DSCF0379.JPG",1
219,104,100,1,8/3/2015 0:00:00,,1
220,105,136,1,5/11/2015 0:00:00,"DSCF0372.JPG;DSCF0373.JPG;DSCF0374.JPG;DSCF0375.JPG;DSCF0376.JPG",1
221,105,91,1,5/11/2015 0:00:00,,1
222,106,136,1,5/11/2015 0:00:00,"DSCF0380.JPG;DSCF0381.JPG",1
223,106,88,1,5/11/2015 0:00:00,,1
224,107,136,1,5/11/2015 0:00:00,,0
225,107,88,1,5/11/2015 0:00:00,,0
226,109,136,0,,"162 Churchill Action Form.pdf;162 Churchill DOT Abstract.pdf;162 Churchill Twp Photos.pdf;DSCF0395.JPG;DSCF0396.JPG;DSCF0397.JPG;DSCF0398.JPG;DSCF0399.JPG",1
227,109,91,0,,,1
228,108,136,1,5/14/2015 0:00:00,"DSCF0390.JPG;DSCF0391.JPG;DSCF0392.JPG",1
229,108,88,1,5/14/2015 0:00:00,,1
230,110,136,1,5/20/2015 0:00:00,,1
231,110,91,1,5/20/2015 0:00:00,,1
232,111,136,0,,"200 Dorothy Return to Sender.pdf;DSCF0260.JPG;DSCF0261.JPG;DSCF0262.JPG;DSCF0393.JPG;DSCF0414.JPG",1
233,111,91,0,,,1
234,112,136,1,5/14/2015 0:00:00,,1
235,112,100,1,5/14/2015 0:00:00,,1
236,113,138,1,5/15/2015 0:00:00,,1
237,113,63,1,5/15/2015 0:00:00,,1
238,114,138,0,,"122 KINGS DALE Contact.pdf;122 Kingsdale Return to Sender.pdf;DSCF0418.JPG",1
239,114,63,0,,,1
240,114,69,0,,,1
241,115,138,1,5/19/2015 0:00:00,,1
242,115,65,1,5/19/2015 0:00:00,,1
243,117,136,0,,"DSCF0420.JPG;DSCF0421.JPG;DSCF0422.JPG",1
244,117,88,0,,,1
245,118,136,1,5/14/2015 0:00:00,"564 Lucia Action Form.pdf;DSCF0423.JPG;DSCF0424.JPG",1
246,118,92,1,5/14/2015 0:00:00,,1
247,118,88,1,5/14/2015 0:00:00,,1
248,119,136,1,5/14/2015 0:00:00,"DSCF0435.JPG",1
249,119,88,1,5/14/2015 0:00:00,,1
250,120,136,1,5/18/2015 0:00:00,"DSCF0429.JPG",1
251,120,88,1,5/18/2015 0:00:00,,1
252,121,136,1,5/18/2015 0:00:00,"DSCF0436.JPG",1
253,121,88,1,5/18/2015 0:00:00,,0
254,122,136,1,5/14/2015 0:00:00,"DSCF0443.JPG;DSCF0444.JPG",1
255,122,88,1,5/14/2015 0:00:00,,1
256,123,136,1,5/14/2015 0:00:00,"DSCF0454.JPG;DSCF0455.JPG;DSCF0456.JPG",1
257,123,88,1,5/14/2015 0:00:00,,1
258,124,136,1,6/8/2015 0:00:00,"DSCF0382.JPG;DSCF0453.JPG",1
259,124,88,1,6/8/2015 0:00:00,,1
260,125,136,1,6/1/2015 0:00:00,"DSCF0434.JPG",1
261,125,88,1,6/1/2015 0:00:00,,1
262,126,136,1,5/14/2015 0:00:00,"DSCF0430.JPG;DSCF0431.JPG",1
263,126,88,1,5/14/2015 0:00:00,,1
264,127,136,1,5/18/2015 0:00:00,"550 Lucia Return to Sender.pdf;DSCF0427.JPG",1
265,127,88,1,5/18/2015 0:00:00,,1
266,128,136,1,5/18/2015 0:00:00,"DSCF0428.JPG",1
267,128,88,1,5/18/2015 0:00:00,,1
268,129,136,1,5/14/2015 0:00:00,"DSCF0445.JPG;DSCF0446.JPG;DSCF0447.JPG;DSCF0448.JPG;DSCF0449.JPG;DSCF0450.JPG;DSCF0451.JPG",0
269,129,88,1,5/14/2015 0:00:00,,0
270,130,136,1,5/14/2015 0:00:00,"DSCF0432.JPG",1
271,130,88,1,5/14/2015 0:00:00,,1
272,131,136,0,,"DSCF0425.JPG;DSCF0426.JPG;DSCF0437.JPG",1
273,131,88,1,5/18/2015 0:00:00,,1
274,131,134,0,,,1
275,132,136,1,10/7/2015 0:00:00,"DSCF0439.JPG;DSCF0452.JPG",1
276,132,88,1,10/7/2015 0:00:00,,1
277,133,136,1,5/14/2015 0:00:00,,1
278,133,88,1,5/14/2015 0:00:00,,1
279,134,138,1,5/15/2015 0:00:00,"10 Garden Ter Action Form.pdf;DSCF0479.JPG;DSCF0480.JPG;DSCF0481.JPG",1
280,134,63,1,5/15/2015 0:00:00,,1
281,134,69,1,5/15/2015 0:00:00,,1
282,134,139,1,5/15/2015 0:00:00,,1
283,135,138,1,5/13/2015 0:00:00,"DSCF0482.JPG;DSCF0483.JPG;DSCF0484.JPG;DSCF0485.JPG;DSCF0486.JPG;DSCF0487.JPG",1
284,135,139,1,5/13/2015 0:00:00,,1
285,136,138,1,5/13/2015 0:00:00,,1
286,136,63,1,5/13/2015 0:00:00,,1
287,137,138,1,5/19/2015 0:00:00,"DSCF0469.JPG;DSCF0470.JPG;DSCF0471.JPG;DSCF0472.JPG;DSCF0474.JPG",1
288,137,63,1,5/19/2015 0:00:00,,1
289,138,138,1,5/15/2015 0:00:00,"DSCF0475.JPG;DSCF0476.JPG;DSCF0477.JPG;DSCF0478.JPG",1
290,138,63,1,5/15/2015 0:00:00,,1
291,139,130,1,5/15/2015 0:00:00,,0
292,139,139,1,5/15/2015 0:00:00,,0
293,140,130,1,5/12/2015 0:00:00,,1
294,140,139,1,5/12/2015 0:00:00,,1
295,141,138,1,5/15/2015 0:00:00,"DSCF0494.JPG;DSCF0495.JPG",1
296,141,139,1,5/15/2015 0:00:00,,1
297,142,138,1,6/2/2015 0:00:00,"DSCF0496.JPG;DSCF0497.JPG;DSCF0498.JPG;DSCF0499.JPG",1
298,142,139,1,5/15/2015 0:00:00,,1
299,142,63,1,6/2/2015 0:00:00,,1
300,143,138,1,5/15/2015 0:00:00,"DSCF0506.JPG;DSCF0507.JPG;DSCF0508.JPG",1
301,143,139,1,5/15/2015 0:00:00,,1
302,144,138,1,5/29/2015 0:00:00,"DSCF0509.JPG;DSCF0510.JPG;DSCF0511.JPG;DSCF0512.JPG",1
303,144,139,1,5/29/2015 0:00:00,,1
304,144,69,1,5/15/2015 0:00:00,,1
305,145,138,1,5/19/2015 0:00:00,"DSCF0515.JPG;DSCF0516.JPG;DSCF0517.JPG;DSCF0518.JPG;DSCF0519.JPG",1
306,145,63,1,5/19/2015 0:00:00,,1
307,146,130,1,5/15/2015 0:00:00,,1
308,146,63,1,5/15/2015 0:00:00,,1
309,147,130,1,5/19/2015 0:00:00,,1
310,147,63,1,5/19/2015 0:00:00,,1
311,148,138,1,5/19/2015 0:00:00,"DSCF0532.JPG;DSCF0533.JPG;DSCF0534.JPG",1
312,148,63,1,5/19/2015 0:00:00,,1
313,149,138,1,6/24/2015 0:00:00,"DSCF0525.JPG;DSCF0526.JPG;DSCF0527.JPG;DSCF0528.JPG;DSCF0529.JPG;DSCF0530.JPG",1
314,149,65,1,6/24/2015 0:00:00,,1
315,149,61,1,6/24/2015 0:00:00,,1
316,149,69,1,6/24/2015 0:00:00,,1
317,150,130,1,5/15/2015 0:00:00,"DSCF0462.JPG;DSCF0463.JPG;DSCF0464.JPG;DSCF0465.JPG;DSCF0466.JPG;DSCF0467.JPG;DSCF0468.JPG;DSCF0500.JPG;DSCF0501.JPG;DSCF0502.JPG;DSCF0503.JPG;DSCF0504.JPG;DSCF0505.JPG",0
318,150,63,1,5/15/2015 0:00:00,,0
319,150,142,0,,,0
320,151,130,1,5/19/2015 0:00:00,"DSCF0488.JPG;DSCF0489.JPG;DSCF0490.JPG;DSCF0491.JPG;DSCF0492.JPG;DSCF0493.JPG",0
321,151,63,1,5/19/2015 0:00:00,,0
322,152,130,1,6/23/2015 0:00:00,"DSCF0520.JPG;DSCF0521.JPG;DSCF0522.JPG;DSCF0523.JPG;DSCF0524.JPG",0
323,152,63,1,6/23/2015 0:00:00,,0
324,153,130,1,5/22/2015 0:00:00,"122 Fenwick Fax From Owners.pdf;DSCF0513.JPG;DSCF0514.JPG",0
325,153,63,1,5/22/2015 0:00:00,,0
326,159,136,0,,,0
327,159,86,0,,,0
328,159,100,0,,,0
329,159,88,0,,,0
330,160,136,1,6/25/2015 0:00:00,,1
331,160,92,1,6/25/2015 0:00:00,,1
332,161,136,0,,,1
333,161,88,1,5/21/2015 0:00:00,,1
334,161,86,0,,,1
335,161,100,0,,,1
336,163,138,1,5/19/2015 0:00:00,,1
337,163,63,1,5/19/2015 0:00:00,,1
338,164,130,1,5/19/2015 0:00:00,,0
339,164,63,1,5/19/2015 0:00:00,,0
340,165,130,1,5/15/2015 0:00:00,,0
341,165,63,1,5/15/2015 0:00:00,,0
342,166,138,1,5/19/2015 0:00:00,,1
343,166,63,1,5/19/2015 0:00:00,,1
344,167,138,1,5/15/2015 0:00:00,,1
345,167,63,1,5/15/2015 0:00:00,,1
346,168,138,1,5/22/2015 0:00:00,,1
347,168,63,1,5/22/2015 0:00:00,,1
348,169,130,1,5/15/2015 0:00:00,,0
349,170,130,1,5/15/2015 0:00:00,"37 Churchill Action Form.pdf;DSCF0552.JPG;DSCF0553.JPG;DSCF0554.JPG;DSCF0555.JPG;DSCF0556.JPG;DSCF0557.JPG;DSCF0558.JPG",0
350,170,64,1,5/15/2015 0:00:00,,0
351,172,113,1,5/18/2015 0:00:00,,0
352,174,136,1,6/8/2015 0:00:00,,1
353,174,88,1,6/8/2015 0:00:00,,1
354,175,136,1,7/9/2015 0:00:00,"DSCF0559.JPG;DSCF0560.JPG",1
355,175,88,1,7/9/2015 0:00:00,,0
356,176,136,1,5/28/2015 0:00:00,,1
357,176,88,1,5/28/2015 0:00:00,,1
358,177,113,1,5/28/2015 0:00:00,,0
359,177,88,1,5/28/2015 0:00:00,,0
360,178,136,1,5/22/2015 0:00:00,"DSCF0563.JPG",1
361,178,88,1,5/22/2015 0:00:00,,1
362,179,136,1,6/11/2015 0:00:00,,1
363,179,88,1,6/11/2015 0:00:00,,1
364,180,136,1,5/28/2015 0:00:00,,1
365,180,88,1,5/28/2015 0:00:00,,1
366,181,136,1,5/28/2015 0:00:00,,1
367,181,88,1,5/28/2015 0:00:00,,1
368,182,136,1,5/28/2015 0:00:00,,1
369,182,88,1,5/28/2015 0:00:00,,1
370,183,136,1,8/17/2015 0:00:00,,1
371,183,88,1,5/28/2015 0:00:00,,1
372,183,91,1,8/17/2015 0:00:00,,1
373,184,136,1,6/8/2015 0:00:00,,0
374,184,88,1,6/8/2015 0:00:00,,0
375,185,136,1,5/28/2015 0:00:00,,1
376,185,88,1,5/28/2015 0:00:00,,1
377,186,136,1,5/28/2015 0:00:00,,1
378,186,88,1,5/28/2015 0:00:00,,1
379,187,136,1,5/28/2015 0:00:00,,1
380,187,88,1,5/28/2015 0:00:00,,1
381,188,136,0,,,1
382,188,88,0,,,1
383,189,136,0,,,1
384,189,88,0,,,1
385,190,130,0,,,0
386,191,130,0,,,0
387,192,138,1,7/7/2015 0:00:00,,1
388,192,63,1,5/22/2015 0:00:00,,1
389,192,65,1,7/7/2015 0:00:00,,1
390,193,138,1,6/2/2015 0:00:00,,1
391,193,63,1,6/2/2015 0:00:00,,1
392,194,138,1,5/26/2015 0:00:00,,1
393,194,63,1,5/26/2015 0:00:00,,1
394,195,138,1,5/26/2015 0:00:00,"DSCF0591.JPG",1
395,195,63,1,5/26/2015 0:00:00,,1
396,196,138,1,5/26/2015 0:00:00,,1
397,196,63,1,5/26/2015 0:00:00,,1
398,197,138,0,,,1
399,197,63,0,,,1
400,198,130,1,5/15/2015 0:00:00,,0
401,201,138,1,6/2/2015 0:00:00,,1
402,201,63,1,6/2/2015 0:00:00,,1
403,202,136,1,6/17/2015 0:00:00,"DSCF0601.JPG;DSCF0602.JPG;DSCF0603.JPG;DSCF0604.JPG",0
404,202,88,1,6/17/2015 0:00:00,,0
405,203,136,1,6/8/2015 0:00:00,"DSCF0596.JPG;DSCF0597.JPG;DSCF0598.JPG",0
406,203,88,1,6/8/2015 0:00:00,,0
407,203,100,1,6/8/2015 0:00:00,,0
408,204,136,0,,"804 Negley Return to Sender.pdf;DSCF0595.JPG",1
409,204,88,0,,,1
412,206,136,1,5/28/2015 0:00:00,"DSCF0607.JPG;DSCF0608.JPG",1
413,206,88,1,5/28/2015 0:00:00,,1
414,208,136,0,,"DSCF0616.JPG",1
415,208,86,0,,,1
416,208,100,0,,,1
417,209,136,1,12/14/2015 0:00:00,,0
418,209,88,1,12/14/2015 0:00:00,,0
419,210,136,1,5/28/2015 0:00:00,,1
420,210,88,1,5/28/2015 0:00:00,,1
421,211,136,0,,"DSCF0609.JPG;DSCF0610.JPG",1
422,211,88,0,,,1
423,212,113,0,,"DSCF0611.JPG;DSCF0612.JPG;DSCF0613.JPG;DSCF0614.JPG;DSCF0615.JPG",0
424,214,136,0,,,1
425,214,86,0,,,1
426,214,100,0,,,1
427,214,101,0,,,1
428,214,91,0,,,1
429,215,136,0,,,0
430,215,86,0,,,0
431,215,100,0,,,0
432,215,101,0,,,0
433,215,91,0,,,0
434,216,136,1,6/22/2015 0:00:00,,1
435,216,88,1,6/22/2015 0:00:00,,1
436,217,136,1,5/28/2015 0:00:00,,1
437,217,88,1,5/28/2015 0:00:00,,1
438,218,136,1,,,1
439,218,88,1,,,1
440,219,136,1,5/28/2015 0:00:00,,1
441,219,88,1,5/28/2015 0:00:00,,1
442,220,136,0,,"4063 Miller Action Form.pdf",1
443,220,88,0,,,1
444,221,113,1,5/28/2015 0:00:00,"526 Lucia Action Form.pdf;DSCF0630.JPG",0
445,221,143,1,5/28/2015 0:00:00,,0
446,222,130,0,,"122 Kingsdale Return to Sender.pdf;DSCF0551.JPG",1
447,236,138,0,,,0
448,236,63,0,,,0
449,237,138,1,6/2/2015 0:00:00,,1
450,237,63,1,6/2/2015 0:00:00,,1
451,238,138,1,6/23/2015 0:00:00,,0
452,238,63,1,6/23/2015 0:00:00,,0
453,239,138,1,6/30/2015 0:00:00,,1
454,239,69,1,6/30/2015 0:00:00,,1
456,240,138,1,6/2/2015 0:00:00,,1
457,240,63,1,6/2/2015 0:00:00,,1
458,241,138,0,,,1
459,241,63,0,,,1
460,242,138,1,6/9/2015 0:00:00,"DSCF0652.JPG;DSCF0711.JPG",1
461,242,63,1,6/9/2015 0:00:00,,1
462,250,138,1,7/7/2015 0:00:00,,1
463,250,65,1,7/7/2015 0:00:00,,1
464,251,138,0,,"341 Churchill Action Form.pdf;DSCF0642.JPG;DSCF0643.JPG;DSCF0644.JPG;DSCF0645.JPG;DSCF0646.JPG",0
465,251,65,1,6/23/2015 0:00:00,,0
466,251,61,0,,,0
467,251,69,1,6/23/2015 0:00:00,,0
468,252,138,0,,,1
469,252,69,0,,,1
470,253,130,1,6/5/2015 0:00:00,,0
471,253,63,1,6/5/2015 0:00:00,,0
472,254,138,1,6/2/2015 0:00:00,,1
473,254,63,1,6/2/2015 0:00:00,,1
474,255,138,1,6/12/2015 0:00:00,"3824 Henley Action Form.pdf",1
475,255,63,1,6/12/2015 0:00:00,,1
476,256,136,0,,,1
477,256,88,0,,,1
478,257,136,1,6/8/2015 0:00:00,,1
479,257,88,1,6/8/2015 0:00:00,,1
480,258,136,0,,,1
481,258,86,0,,,1
483,259,136,0,,,1
484,259,86,0,,,1
485,259,100,0,,,1
486,259,88,0,,,1
487,260,113,1,6/17/2015 0:00:00,"DSCF0679.JPG;DSCF0680.JPG;DSCF0681.JPG",0
488,260,88,1,6/17/2015 0:00:00,,0
489,261,138,1,6/5/2015 0:00:00,"3849 Henley Action Form.pdf",1
490,261,63,1,6/5/2015 0:00:00,,1
491,262,138,1,6/19/2015 0:00:00,,1
492,262,63,1,6/19/2015 0:00:00,,1
493,263,136,1,6/8/2015 0:00:00,"DSCF0694.JPG",1
494,263,86,1,6/8/2015 0:00:00,,1
495,264,136,1,6/3/2015 0:00:00,"DSCF0682.JPG;DSCF0683.JPG",1
496,264,88,1,6/3/2015 0:00:00,,1
497,265,136,1,,"DSCF0700.JPG",1
498,265,92,1,6/8/2015 0:00:00,,1
499,265,134,1,,,1
500,266,136,1,10/7/2015 0:00:00,"DSCF0684.JPG;DSCF0685.JPG;DSCF0686.JPG",0
501,266,88,1,10/7/2015 0:00:00,,0
502,268,136,1,6/25/2015 0:00:00,,1
503,268,92,1,6/25/2015 0:00:00,,1
504,268,86,0,,,1
505,269,136,1,6/8/2015 0:00:00,,1
506,269,88,1,6/8/2015 0:00:00,,1
507,270,130,1,6/16/2015 0:00:00,"2323 Forest Action Form.pdf",0
508,271,139,1,6/19/2015 0:00:00,,0
509,272,138,1,6/5/2015 0:00:00,"DSCF0713.JPG",1
510,272,63,1,6/5/2015 0:00:00,,1
511,273,138,1,1/26/2016 0:00:00,"DSCF0704.JPG;DSCF0705.JPG;DSCF0706.JPG",1
512,274,138,0,,"17 Garden Ter Action Form.pdf",0
513,274,64,0,,,0
514,274,63,1,6/9/2015 0:00:00,,0
515,273,144,1,1/26/2016 0:00:00,,1
516,273,63,1,6/9/2015 0:00:00,,1
517,276,113,1,6/3/2015 0:00:00,,0
518,278,136,0,,,1
519,278,86,0,,,1
520,278,88,1,6/15/2015 0:00:00,,1
521,279,136,1,12/14/2015 0:00:00,,1
522,279,88,1,12/14/2015 0:00:00,,1
523,280,136,1,6/22/2015 0:00:00,"DSCF0716.JPG;DSCF0717.JPG",1
524,280,91,1,6/22/2015 0:00:00,,1
525,281,136,0,,"DSCF0718.JPG",1
526,281,92,1,6/8/2015 0:00:00,,1
527,281,100,0,,,1
528,282,136,1,7/6/2015 0:00:00,"DSCF0720.JPG;DSCF0721.JPG;DSCF0722.JPG;DSCF0723.JPG;DSCF0724.JPG",1
529,282,88,1,7/6/2015 0:00:00,,1
530,283,136,1,6/8/2015 0:00:00,"DSCF0725.JPG",1
531,283,88,1,6/8/2015 0:00:00,,1
532,284,136,1,8/10/2015 0:00:00,"DSCF0726.JPG",1
533,284,88,1,8/10/2015 0:00:00,,1
534,286,113,1,8/17/2015 0:00:00,,0
535,287,136,1,6/15/2015 0:00:00,"DSCF0729.JPG;DSCF0730.JPG;DSCF0731.JPG",0
536,287,88,1,6/15/2015 0:00:00,,0
537,291,130,1,6/12/2015 0:00:00,"DSCF0738.JPG;DSCF0739.JPG",0
538,292,138,1,6/30/2015 0:00:00,"DSCF0740.JPG;DSCF0741.JPG",1
539,292,63,1,6/30/2015 0:00:00,,1
540,293,63,1,6/12/2015 0:00:00,"DSCF0742.JPG;DSCF0743.JPG;DSCF0744.JPG",0
541,294,138,1,6/9/2015 0:00:00,"DSCF0745.JPG",1
542,294,63,1,6/9/2015 0:00:00,,1
543,295,130,1,6/2/2015 0:00:00,"43 Churchill Action Form.pdf",0
544,296,130,1,6/5/2015 0:00:00,"2337 Greensburg Pike Action Form.pdf",0
545,297,138,1,7/7/2015 0:00:00,"DSCF0733.JPG;DSCF0734.JPG;DSCF0735.JPG;DSCF0736.JPG;DSCF0737.JPG",0
546,297,63,1,7/7/2015 0:00:00,,0
547,302,136,1,6/18/2015 0:00:00,"DSCF0746.JPG;DSCF0747.JPG;DSCF0748.JPG;DSCF0749.JPG",1
548,302,88,1,6/18/2015 0:00:00,,1
549,303,136,0,,"DSCF0750.JPG",1
550,303,88,0,,,1
551,304,113,1,6/22/2015 0:00:00,"DSCF0751.JPG;DSCF0752.JPG;DSCF0753.JPG",0
552,304,88,1,6/22/2015 0:00:00,,0
553,306,136,1,6/15/2015 0:00:00,,0
554,306,92,1,6/15/2015 0:00:00,,0
555,307,136,1,6/11/2015 0:00:00,"DSCF0758.JPG",0
556,307,137,1,6/11/2015 0:00:00,,0
557,307,100,1,6/11/2015 0:00:00,,0
558,309,136,0,,"DSCF0754.JPG;DSCF0755.JPG;DSCF0756.JPG",0
559,309,88,0,,,0
560,310,136,1,6/17/2015 0:00:00,"DSCF0770.JPG;DSCF0771.JPG;DSCF0772.JPG",0
561,310,88,1,6/17/2015 0:00:00,,0
562,311,136,0,,,0
563,311,88,1,6/22/2015 0:00:00,,0
564,311,86,0,,,0
565,311,100,0,,,0
566,312,138,1,6/12/2015 0:00:00,"DSCF0773.JPG;DSCF0774.JPG",0
567,312,69,1,6/12/2015 0:00:00,,0
568,313,138,1,6/16/2015 0:00:00,"7 Barton Action Form.pdf;DSCF0779.JPG;DSCF0780.JPG;DSCF0781.JPG",0
569,313,69,1,6/16/2015 0:00:00,,0
570,313,63,1,6/16/2015 0:00:00,,0
571,314,138,1,6/19/2015 0:00:00,"DSCF0778.JPG",0
572,314,63,1,6/19/2015 0:00:00,,0
573,315,138,1,6/9/2015 0:00:00,"DSCF0783.JPG;DSCF0784.JPG;DSCF0785.JPG",0
574,315,132,1,6/9/2015 0:00:00,,0
575,316,138,1,6/19/2015 0:00:00,"DSCF0786.JPG",0
576,316,69,1,6/19/2015 0:00:00,,0
577,317,130,1,6/16/2015 0:00:00,,0
578,318,138,1,6/12/2015 0:00:00,"DSCF0775.JPG;DSCF0776.JPG",0
579,318,64,1,6/12/2015 0:00:00,,0
580,319,130,1,6/9/2015 0:00:00,"DSCF0777.JPG",0
581,320,138,0,,"DSCF0791.JPG;DSCF0792.JPG;DSCF0793.JPG",1
582,320,63,1,6/19/2015 0:00:00,,1
583,320,69,0,,,1
584,321,138,1,6/12/2015 0:00:00,"DSCF0787.JPG;DSCF0788.JPG",0
585,321,69,1,6/12/2015 0:00:00,,0
586,322,130,1,6/23/2015 0:00:00,"DSCF0789.JPG;DSCF0790.JPG",0
587,322,63,1,6/23/2015 0:00:00,,0
588,325,113,1,6/15/2015 0:00:00,,0
589,325,100,1,6/15/2015 0:00:00,,0
590,326,136,1,6/18/2015 0:00:00,"DSCF0812.JPG",0
591,326,100,1,6/18/2015 0:00:00,,0
592,326,137,1,6/18/2015 0:00:00,,0
593,327,136,1,6/18/2015 0:00:00,"DSCF0813.JPG",0
594,327,88,1,6/18/2015 0:00:00,,0
595,328,136,1,6/25/2015 0:00:00,"DSCF0814.JPG",0
596,328,88,1,6/25/2015 0:00:00,,0
597,329,136,1,6/18/2015 0:00:00,"DSCF0814.JPG",0
598,329,88,1,6/18/2015 0:00:00,,0
599,330,136,1,6/25/2015 0:00:00,"DSCF0815.JPG",0
600,330,88,1,6/25/2015 0:00:00,,0
601,331,136,1,6/25/2015 0:00:00,"DSCF0815.JPG",0
602,331,88,1,6/25/2015 0:00:00,,0
603,332,136,1,12/14/2015 0:00:00,"DSCF0804.JPG",0
604,332,88,1,12/14/2015 0:00:00,,0
605,333,136,0,,,0
606,333,88,0,,,0
607,334,130,1,6/12/2015 0:00:00,,0
608,335,138,1,7/8/2015 0:00:00,,0
609,335,63,1,7/8/2015 0:00:00,,0
610,335,69,1,7/8/2015 0:00:00,,0
611,336,113,1,10/7/2015 0:00:00,"DSCF0798.JPG;DSCF0799.JPG;DSCF0800.JPG;DSCF0801.JPG;DSCF0802.JPG;DSCF0803.JPG",0
612,336,88,1,10/7/2015 0:00:00,,0
613,336,131,1,10/7/2015 0:00:00,,0
614,337,136,1,,,1
615,337,100,1,,,0
616,337,105,1,,,0
617,338,136,1,6/22/2015 0:00:00,,0
618,338,88,1,6/22/2015 0:00:00,,0
619,339,136,0,,,0
620,339,91,0,,,0
621,340,138,1,6/19/2015 0:00:00,,0
622,340,69,1,6/19/2015 0:00:00,,0
623,341,139,1,6/19/2015 0:00:00,,0
624,344,136,0,,"DSCF0852.JPG;DSCF0853.JPG",0
625,344,88,0,,,0
626,345,136,0,,"DSCF0857.JPG",0
627,345,134,0,,,0
628,346,136,1,7/13/2015 0:00:00,"DSCF0849.JPG;DSCF0850.JPG;DSCF0851.JPG",0
629,346,92,1,7/13/2015 0:00:00,,0
630,347,113,1,6/25/2015 0:00:00,,0
631,347,91,1,6/25/2015 0:00:00,,0
632,348,136,0,,,0
633,348,92,0,,,0
634,349,136,0,,"DSCF0863.JPG",0
635,349,86,0,,,0
636,349,100,0,,,0
637,351,138,1,6/23/2015 0:00:00,,0
638,351,63,1,6/23/2015 0:00:00,,0
639,352,138,1,6/30/2015 0:00:00,,0
640,352,61,1,6/30/2015 0:00:00,,0
641,352,69,1,6/30/2015 0:00:00,,0
642,354,136,1,7/6/2015 0:00:00,,0
643,354,88,1,7/6/2015 0:00:00,,0
644,355,136,0,,,0
645,355,92,0,,,0
646,356,138,1,7/7/2015 0:00:00,,0
647,356,63,1,7/7/2015 0:00:00,,0
648,357,138,1,6/30/2015 0:00:00,,0
649,357,66,1,6/30/2015 0:00:00,,0
650,357,139,1,6/30/2015 0:00:00,,0
651,358,138,0,,,0
652,358,63,0,,,0
653,359,138,0,,,0
654,359,63,0,,,0
655,367,136,0,,"DSCF0885.JPG",0
656,367,91,0,,,0
657,368,136,1,8/10/2015 0:00:00,"DSCF0884.JPG",0
658,368,88,1,8/10/2015 0:00:00,,0
659,369,136,0,,,0
660,369,86,0,,,0
661,369,100,0,,,0
662,370,136,1,,,0
663,370,86,1,,,0
664,370,100,1,,,0
665,371,136,0,,"DSCF0890.JPG",0
666,371,86,0,,,0
667,371,101,0,,,0
668,371,102,0,,,0
669,371,88,0,,,0
670,372,136,0,,,0
671,372,88,0,,,0
672,373,136,1,6/25/2015 0:00:00,,0
673,373,88,1,6/25/2015 0:00:00,,0
674,375,136,1,12/14/2015 0:00:00,,0
675,375,88,1,12/14/2015 0:00:00,,0
676,376,113,1,6/25/2015 0:00:00,,0
677,377,138,1,7/7/2015 0:00:00,,0
678,377,63,1,7/7/2015 0:00:00,,0
679,378,138,1,6/30/2015 0:00:00,"DSCF0894.JPG",0
680,378,63,1,6/30/2015 0:00:00,,0
681,379,138,1,7/7/2015 0:00:00,"DSCF0892.JPG",0
682,379,63,1,7/7/2015 0:00:00,,0
683,380,113,1,6/25/2015 0:00:00,,0
684,386,113,1,6/22/2015 0:00:00,,0
685,385,113,1,6/22/2015 0:00:00,,0
686,384,113,0,,,0
687,383,113,1,6/22/2015 0:00:00,,0
688,382,113,1,6/25/2015 0:00:00,,0
689,387,113,1,6/22/2015 0:00:00,,0
690,388,113,1,6/22/2015 0:00:00,,0
691,389,113,1,6/22/2015 0:00:00,,0
692,391,138,1,7/8/2015 0:00:00,,0
693,391,69,1,7/8/2015 0:00:00,,0
694,392,138,0,,,0
695,392,65,0,,,0
696,393,138,1,7/17/2015 0:00:00,,0
697,393,63,1,7/17/2015 0:00:00,,0
698,394,130,1,7/14/2015 0:00:00,,0
699,396,136,1,7/13/2015 0:00:00,,0
700,396,92,1,7/13/2015 0:00:00,,0
701,397,136,1,7/6/2015 0:00:00,,0
702,397,88,1,7/6/2015 0:00:00,,0
703,398,136,1,7/13/2015 0:00:00,,0
704,398,88,1,7/13/2015 0:00:00,,0
705,399,136,1,7/1/2015 0:00:00,,0
706,399,88,1,7/1/2015 0:00:00,,0
707,400,136,1,9/3/2015 0:00:00,,0
708,400,100,1,9/3/2015 0:00:00,,0
709,401,136,1,7/13/2015 0:00:00,,0
710,401,88,1,7/13/2015 0:00:00,,0
711,402,136,1,7/9/2015 0:00:00,,0
712,402,88,1,7/9/2015 0:00:00,,0
713,403,136,0,,,0
714,403,88,0,,,0
715,404,136,1,7/9/2015 0:00:00,,0
716,404,88,1,7/9/2015 0:00:00,,0
717,405,136,1,7/9/2015 0:00:00,,0
718,405,88,1,7/9/2015 0:00:00,,0
719,407,136,0,,,0
720,407,86,0,,,0
721,407,100,0,,,0
722,407,88,0,,,0
723,408,136,0,,,0
724,408,88,0,,,0
725,409,136,1,7/20/2015 0:00:00,,0
726,409,88,1,7/20/2015 0:00:00,,0
727,410,136,1,8/17/2015 0:00:00,,0
728,410,91,1,8/17/2015 0:00:00,,0
729,411,113,0,,,0
730,412,136,1,7/13/2015 0:00:00,,0
731,412,88,1,7/13/2015 0:00:00,,0
732,413,136,0,,,1
733,413,86,0,,,0
734,413,100,0,,,0
735,414,136,1,7/15/2015 0:00:00,,1
736,414,100,1,7/15/2015 0:00:00,,0
737,415,136,0,,,1
738,415,88,0,,,0
739,416,136,0,,,0
740,416,91,0,,,0
741,417,136,1,,,0
742,417,92,1,,,0
743,417,134,1,,,0
744,417,88,1,,,0
745,418,136,1,,,0
746,418,86,1,,,0
747,418,100,1,,,0
748,423,136,1,8/3/2015 0:00:00,,0
749,423,86,1,8/3/2015 0:00:00,,0
750,423,100,1,8/3/2015 0:00:00,,0
751,424,136,1,10/7/2015 0:00:00,,0
752,424,88,1,10/7/2015 0:00:00,,0
753,424,131,1,10/7/2015 0:00:00,,0
754,428,130,1,8/4/2015 0:00:00,,0
755,428,145,1,8/4/2015 0:00:00,,0
756,429,130,1,8/18/2015 0:00:00,,0
757,429,145,1,8/18/2015 0:00:00,,0
758,430,130,1,7/14/2015 0:00:00,,0
759,431,138,1,7/14/2015 0:00:00,,0
760,431,63,1,7/14/2015 0:00:00,,0
761,432,138,1,8/4/2015 0:00:00,,0
762,432,63,1,8/4/2015 0:00:00,,0
763,433,130,1,7/10/2015 0:00:00,,0
764,433,139,1,7/10/2015 0:00:00,,0
766,434,138,1,7/14/2015 0:00:00,,0
767,434,69,1,7/14/2015 0:00:00,,0
768,435,138,0,,,0
769,435,63,0,,,0
770,436,130,1,7/21/2015 0:00:00,,0
771,436,139,1,7/21/2015 0:00:00,,0
772,438,130,0,,,0
774,439,130,1,7/14/2015 0:00:00,,0
775,440,130,1,7/14/2015 0:00:00,,0
776,441,130,1,7/14/2015 0:00:00,,0
777,442,138,1,7/21/2015 0:00:00,,0
778,442,63,1,7/21/2015 0:00:00,,0
779,444,130,0,,,0
783,447,136,1,,,0
784,447,102,1,,,0
785,447,105,1,,,0
786,447,137,1,,,0
787,448,136,1,7/20/2015 0:00:00,,0
788,448,88,1,7/20/2015 0:00:00,,0
789,449,136,1,7/13/2015 0:00:00,,0
790,449,88,1,7/13/2015 0:00:00,,0
791,450,136,0,,,0
792,450,88,0,,,0
793,451,136,1,7/13/2015 0:00:00,,0
794,451,88,1,7/13/2015 0:00:00,,0
795,452,136,1,7/13/2015 0:00:00,,0
796,452,88,1,7/13/2015 0:00:00,,0
797,453,136,1,7/20/2015 0:00:00,,0
798,453,88,1,7/20/2015 0:00:00,,0
799,454,113,1,7/20/2015 0:00:00,,0
800,455,130,0,,,0
801,456,136,1,8/10/2015 0:00:00,,0
802,456,91,1,8/10/2015 0:00:00,,0
803,457,136,1,7/23/2015 0:00:00,,0
804,457,88,1,7/23/2015 0:00:00,,0
805,458,136,1,8/10/2015 0:00:00,,0
806,458,91,1,8/10/2015 0:00:00,,0
807,459,136,0,,,0
808,459,88,0,,,0
809,461,136,1,7/20/2015 0:00:00,,0
810,461,100,1,7/20/2015 0:00:00,,0
811,461,105,1,7/20/2015 0:00:00,,0
812,461,137,1,7/20/2015 0:00:00,,0
813,462,113,1,8/24/2015 0:00:00,,0
814,463,136,0,,,0
815,463,86,0,,,0
816,463,100,0,,,0
817,463,105,0,,,0
818,465,136,1,7/20/2015 0:00:00,,0
819,465,88,1,7/20/2015 0:00:00,,0
820,466,136,1,8/10/2015 0:00:00,,0
821,466,91,1,8/10/2015 0:00:00,,0
822,467,113,1,7/20/2015 0:00:00,,0
823,467,137,1,7/20/2015 0:00:00,,0
824,461,92,1,7/20/2015 0:00:00,,0
825,468,138,1,7/21/2015 0:00:00,,0
826,468,69,1,7/21/2015 0:00:00,,0
827,468,139,1,7/21/2015 0:00:00,,0
828,469,138,1,7/21/2015 0:00:00,,0
829,469,69,1,7/21/2015 0:00:00,,0
830,470,130,1,7/14/2015 0:00:00,,0
831,471,138,1,7/22/2015 0:00:00,,0
832,471,63,1,7/22/2015 0:00:00,,0
833,472,130,0,,,0
834,473,138,1,7/17/2015 0:00:00,,0
835,473,63,1,7/17/2015 0:00:00,,0
836,474,130,1,7/14/2015 0:00:00,,0
837,475,138,0,,,0
838,475,140,0,,,0
839,476,138,0,,,0
840,476,69,0,,,0
841,477,136,0,,,0
842,480,136,1,8/3/2015 0:00:00,,0
843,480,88,1,8/3/2015 0:00:00,,0
844,481,136,0,,,0
845,481,88,0,,,0
846,482,136,1,7/20/2015 0:00:00,,0
847,482,88,1,7/20/2015 0:00:00,,0
848,483,136,1,7/23/2015 0:00:00,,0
849,483,88,1,7/23/2015 0:00:00,,0
850,485,136,0,,,0
851,485,88,0,,,0
852,486,113,1,7/15/2015 0:00:00,,0
853,489,113,1,8/27/2015 0:00:00,,0
854,491,146,0,,,0
855,492,146,1,8/18/2015 0:00:00,,0
856,493,146,0,,,0
857,494,146,1,8/25/2015 0:00:00,,0
858,495,146,1,7/21/2015 0:00:00,,0
859,496,146,1,7/21/2015 0:00:00,,0
860,497,146,1,7/22/2015 0:00:00,,0
861,498,146,1,8/18/2015 0:00:00,,0
862,499,138,1,8/4/2015 0:00:00,,0
863,499,63,1,8/4/2015 0:00:00,,0
864,500,130,1,8/4/2015 0:00:00,,0
865,502,130,0,,,0
866,501,138,0,,,0
867,501,63,0,,,0
868,504,136,0,,,0
869,504,88,0,,,0
870,505,136,1,7/23/2015 0:00:00,,0
871,505,88,1,7/23/2015 0:00:00,,0
872,506,136,1,,,0
873,506,86,1,,,0
874,506,100,1,,,0
875,507,136,0,,,0
876,507,86,0,,,0
877,507,100,0,,,0
878,507,88,0,,,0
879,508,136,0,,,0
880,508,88,0,,,0
881,509,136,1,8/24/2015 0:00:00,,0
882,509,88,1,8/24/2015 0:00:00,,0
883,510,136,1,8/3/2015 0:00:00,,0
884,510,88,1,8/3/2015 0:00:00,,0
885,511,136,0,,,0
886,511,88,0,,,0
887,512,113,0,,,0
888,513,136,0,,,0
889,513,88,0,,,0
890,514,136,0,,,0
891,514,88,0,,,0
892,488,136,0,,,0
893,488,86,0,,,0
894,488,100,0,,,0
895,520,136,1,,,0
896,520,88,1,,,0
897,521,136,1,8/17/2015 0:00:00,,0
898,521,86,1,8/17/2015 0:00:00,,0
899,522,136,0,,,0
900,522,86,0,,,0
901,523,130,1,7/21/2015 0:00:00,,0
902,528,138,1,8/4/2015 0:00:00,,0
903,528,63,1,8/4/2015 0:00:00,,0
904,529,138,1,8/5/2015 0:00:00,,0
905,529,63,1,8/5/2015 0:00:00,,0
906,530,138,0,,,0
907,530,63,0,,,0
908,531,136,0,,,0
909,531,100,0,,,0
910,532,136,1,8/3/2015 0:00:00,,0
911,532,88,1,8/3/2015 0:00:00,,0
912,533,136,1,8/10/2015 0:00:00,,0
913,533,91,1,8/10/2015 0:00:00,,0
914,534,136,0,,,0
915,534,86,0,,,0
916,534,102,0,,,0
917,534,105,0,,,0
918,535,113,0,,,0
919,536,113,0,,,0
920,536,86,0,,,0
921,536,100,0,,,0
922,537,113,1,8/10/2015 0:00:00,,0
923,539,113,1,10/7/2015 0:00:00,,0
924,541,136,1,8/10/2015 0:00:00,,0
925,541,88,1,8/10/2015 0:00:00,,0
926,542,136,1,8/24/2015 0:00:00,,0
927,542,88,1,8/24/2015 0:00:00,,0
928,546,113,0,,,0
929,547,113,1,8/10/2015 0:00:00,,0
930,547,137,1,8/10/2015 0:00:00,,0
931,550,130,1,8/14/2015 0:00:00,,0
932,550,64,0,,,0
933,550,69,1,8/14/2015 0:00:00,,0
934,551,130,1,8/11/2015 0:00:00,,0
935,552,138,1,9/1/2015 0:00:00,,0
936,552,63,1,9/1/2015 0:00:00,,0
937,553,138,0,,,0
938,553,65,0,,,0
939,553,63,1,9/1/2015 0:00:00,,0
940,554,138,1,8/7/2015 0:00:00,,0
941,554,63,1,8/7/2015 0:00:00,,0
942,556,130,1,8/25/2015 0:00:00,,0
943,557,130,1,8/11/2015 0:00:00,,0
944,555,138,0,,,0
945,555,65,0,,,1
946,558,138,0,,,0
947,558,63,0,,,1
948,560,130,1,8/11/2015 0:00:00,,0
949,560,139,1,8/11/2015 0:00:00,,0
950,561,130,1,8/28/2015 0:00:00,,0
951,561,145,1,8/28/2015 0:00:00,,0
952,562,138,0,,,0
953,562,65,0,,,0
954,563,130,1,8/7/2015 0:00:00,,0
955,563,61,0,,,0
956,563,132,1,8/7/2015 0:00:00,,0
957,564,130,1,10/9/2015 0:00:00,,0
958,564,60,1,10/9/2015 0:00:00,,0
959,565,130,0,,,0
960,565,60,0,,,0
961,565,63,1,10/9/2015 0:00:00,,0
962,566,130,1,8/11/2015 0:00:00,,0
963,568,113,1,8/10/2015 0:00:00,,0
964,568,100,1,8/10/2015 0:00:00,,0
965,569,136,1,9/3/2015 0:00:00,,0
966,569,100,1,9/3/2015 0:00:00,,0
967,570,136,1,8/12/2015 0:00:00,,0
968,570,88,1,8/12/2015 0:00:00,,0
969,571,136,1,11/2/2015 0:00:00,,0
970,571,91,1,11/2/2015 0:00:00,,0
971,572,136,1,8/10/2015 0:00:00,,0
972,572,88,1,8/10/2015 0:00:00,,0
973,573,136,1,9/9/2015 0:00:00,,0
974,573,91,1,9/9/2015 0:00:00,,0
975,567,136,1,8/17/2015 0:00:00,,0
976,567,91,1,8/17/2015 0:00:00,,0
977,574,136,0,,,0
978,574,88,0,,,0
979,575,136,1,8/13/2015 0:00:00,,0
980,575,88,1,8/13/2015 0:00:00,,0
981,577,113,1,8/13/2015 0:00:00,,0
982,578,113,1,8/12/2015 0:00:00,,0
983,579,113,0,,,0
984,580,136,1,9/28/2015 0:00:00,,0
985,580,91,1,9/28/2015 0:00:00,,0
986,580,88,1,9/28/2015 0:00:00,,0
987,581,138,1,8/11/2015 0:00:00,,0
988,581,63,1,8/11/2015 0:00:00,,0
989,582,138,1,8/18/2015 0:00:00,,0
990,582,63,1,8/18/2015 0:00:00,,0
991,293,140,0,,,0
992,587,136,1,8/20/2015 0:00:00,,0
993,587,88,1,8/20/2015 0:00:00,,0
994,588,136,1,8/24/2015 0:00:00,,0
995,588,88,1,8/24/2015 0:00:00,,0
996,589,136,1,8/17/2015 0:00:00,,0
997,589,88,1,8/17/2015 0:00:00,,0
998,590,136,1,8/17/2015 0:00:00,,0
999,590,88,1,8/17/2015 0:00:00,,0
1000,591,136,1,8/13/2015 0:00:00,,0
1001,591,88,1,8/13/2015 0:00:00,,0
1002,592,136,1,8/24/2015 0:00:00,,0
1003,592,88,1,8/24/2015 0:00:00,,0
1004,596,130,1,9/1/2015 0:00:00,,0
1005,597,138,1,8/21/2015 0:00:00,,0
1006,597,63,1,8/21/2015 0:00:00,,0
1007,598,138,1,8/21/2015 0:00:00,,0
1008,598,63,1,8/21/2015 0:00:00,,0
1009,599,130,1,8/14/2015 0:00:00,,0
1010,599,139,1,8/14/2015 0:00:00,,0
1011,600,130,1,8/18/2015 0:00:00,,0
1012,600,139,1,8/18/2015 0:00:00,,0
1013,601,138,1,8/18/2015 0:00:00,,0
1014,601,145,1,8/18/2015 0:00:00,,0
1015,602,138,0,,,0
1016,602,63,0,,,0
1017,603,136,1,8/24/2015 0:00:00,,0
1018,603,88,1,8/24/2015 0:00:00,,0
1019,604,136,0,,,0
1020,604,88,0,,,0
1021,605,136,1,8/17/2015 0:00:00,,0
1022,605,88,1,8/17/2015 0:00:00,,0
1023,606,136,1,10/1/2015 0:00:00,,0
1024,606,88,1,10/1/2015 0:00:00,,0
1025,607,136,1,8/24/2015 0:00:00,,0
1026,607,88,1,8/24/2015 0:00:00,,0
1027,608,136,1,8/24/2015 0:00:00,,0
1028,608,88,1,8/24/2015 0:00:00,,0
1029,609,113,1,8/17/2015 0:00:00,,0
1030,610,136,1,8/24/2015 0:00:00,,0
1031,610,91,1,8/24/2015 0:00:00,,0
1032,612,136,1,8/24/2015 0:00:00,,0
1033,612,88,1,8/24/2015 0:00:00,,0
1034,613,113,1,8/24/2015 0:00:00,,0
1035,614,113,1,8/26/2015 0:00:00,,0
1036,614,88,1,8/26/2015 0:00:00,,0
1037,615,113,0,,,0
1038,616,136,0,,,0
1039,616,86,0,,,0
1040,616,100,0,,,0
1041,617,136,1,8/20/2015 0:00:00,,0
1042,617,88,1,8/20/2015 0:00:00,,0
1043,618,136,1,9/3/2015 0:00:00,,0
1044,618,88,1,9/3/2015 0:00:00,,0
1045,619,136,1,8/20/2015 0:00:00,,0
1046,619,88,1,8/20/2015 0:00:00,,0
1047,621,130,0,,,0
1048,622,138,1,9/18/2015 0:00:00,,0
1049,622,69,1,9/18/2015 0:00:00,,0
1050,622,63,1,9/18/2015 0:00:00,,0
1051,624,138,1,10/9/2015 0:00:00,,0
1052,624,60,1,10/9/2015 0:00:00,,0
1053,630,136,1,10/7/2015 0:00:00,,0
1054,630,88,1,10/7/2015 0:00:00,,0
1055,631,136,0,,,0
1056,631,86,0,,,0
1057,631,100,0,,,0
1058,632,136,1,8/31/2015 0:00:00,,0
1059,632,91,1,8/31/2015 0:00:00,,0
1060,633,136,1,8/24/2015 0:00:00,,0
1061,633,88,1,8/24/2015 0:00:00,,0
1062,634,136,1,8/24/2015 0:00:00,,0
1063,634,88,1,8/24/2015 0:00:00,,0
1064,635,136,1,8/24/2015 0:00:00,,0
1065,635,88,1,8/24/2015 0:00:00,,0
1066,636,136,1,8/17/2015 0:00:00,,0
1067,636,88,1,8/17/2015 0:00:00,,0
1068,637,113,1,8/17/2015 0:00:00,,0
1069,637,137,1,8/17/2015 0:00:00,,0
1070,638,136,1,8/20/2015 0:00:00,,0
1071,638,88,1,8/20/2015 0:00:00,,0
1072,639,136,1,8/24/2015 0:00:00,,0
1073,639,88,1,8/24/2015 0:00:00,,0
1074,640,136,1,8/24/2015 0:00:00,,0
1075,640,88,1,8/24/2015 0:00:00,,0
1076,641,136,1,8/24/2015 0:00:00,,0
1077,641,88,1,8/24/2015 0:00:00,,0
1078,642,136,1,8/26/2015 0:00:00,,0
1079,642,88,1,8/26/2015 0:00:00,,0
1080,643,136,1,8/26/2015 0:00:00,,0
1081,643,88,1,8/26/2015 0:00:00,,0
1082,644,113,1,9/3/2015 0:00:00,,0
1083,645,136,0,,,0
1084,645,88,0,,,0
1085,646,138,0,,,0
1086,646,63,0,,,0
1087,652,130,0,,,0
1088,653,130,1,8/21/2015 0:00:00,,0
1089,653,139,1,8/21/2015 0:00:00,,0
1090,654,130,1,8/28/2015 0:00:00,,0
1091,654,139,1,8/28/2015 0:00:00,,0
1092,655,138,1,9/1/2015 0:00:00,,0
1093,655,63,1,9/1/2015 0:00:00,,0
1094,661,113,1,8/24/2015 0:00:00,,0
1095,661,137,1,8/24/2015 0:00:00,,0
1096,662,136,1,9/3/2015 0:00:00,,0
1097,662,100,1,9/3/2015 0:00:00,,0
1098,664,136,1,4/21/2016 0:00:00,,0
1099,664,86,1,4/21/2016 0:00:00,,0
1100,666,136,1,8/24/2015 0:00:00,,0
1101,666,137,1,8/24/2015 0:00:00,,0
1102,666,101,1,8/24/2015 0:00:00,,0
1103,666,105,1,8/24/2015 0:00:00,,0
1104,668,130,1,8/25/2015 0:00:00,,0
1105,668,132,1,8/25/2015 0:00:00,,0
1106,674,138,0,,,0
1107,674,64,0,,,0
1108,676,113,1,8/31/2015 0:00:00,,0
1109,676,137,1,8/31/2015 0:00:00,,0
1110,677,136,1,8/31/2015 0:00:00,,0
1111,677,88,1,8/31/2015 0:00:00,,0
1112,679,138,1,9/1/2015 0:00:00,,0
1113,679,63,1,9/1/2015 0:00:00,,0
1114,680,130,1,8/28/2015 0:00:00,,0
1115,680,139,1,8/28/2015 0:00:00,,0
1116,681,130,1,8/28/2015 0:00:00,,0
1117,681,139,1,8/28/2015 0:00:00,,0
1118,682,130,1,8/28/2015 0:00:00,,0
1119,682,139,1,8/28/2015 0:00:00,,0
1120,683,138,0,,,0
1121,683,63,0,,,0
1122,683,139,0,,,0
1123,684,138,1,9/1/2015 0:00:00,,0
1124,684,63,1,9/1/2015 0:00:00,,0
1125,687,138,0,,,0
1126,687,65,0,,,0
1127,688,113,1,8/27/2015 0:00:00,,0
1128,688,137,1,8/27/2015 0:00:00,,0
1129,690,147,1,8/26/2015 0:00:00,,0
1130,691,147,1,8/26/2015 0:00:00,,0
1131,692,147,1,8/26/2015 0:00:00,,0
1132,693,147,1,8/26/2015 0:00:00,,0
1133,694,136,1,8/31/2015 0:00:00,,0
1134,694,88,1,8/31/2015 0:00:00,,0
1135,695,136,1,9/3/2015 0:00:00,,0
1136,695,100,1,9/3/2015 0:00:00,,0
1137,696,113,1,8/31/2015 0:00:00,,0
1138,696,100,1,8/31/2015 0:00:00,,0
1139,697,147,1,8/27/2015 0:00:00,,0
1140,623,130,0,,,0
1141,686,130,0,,,0
1142,701,136,0,,,0
1143,701,88,0,,,0
1144,702,136,0,,,0
1145,702,88,0,,,0
1146,706,130,1,9/8/2015 0:00:00,,0
1147,706,139,1,9/8/2015 0:00:00,,0
1148,707,130,1,9/4/2015 0:00:00,,0
1149,707,139,1,9/4/2015 0:00:00,,0
1150,708,138,1,9/8/2015 0:00:00,,0
1151,708,63,1,9/8/2015 0:00:00,,0
1152,709,130,1,9/11/2015 0:00:00,,0
1153,709,145,1,9/11/2015 0:00:00,,0
1154,710,130,1,9/1/2015 0:00:00,,0
1155,711,130,1,9/4/2015 0:00:00,,0
1156,711,139,1,9/4/2015 0:00:00,,0
1157,712,138,1,9/25/2015 0:00:00,,0
1158,712,65,1,9/25/2015 0:00:00,,0
1159,713,130,0,,,0
1161,665,136,0,,"David Cindric Citation.pdf",0
1162,665,100,0,,,0
1163,714,113,1,9/3/2015 0:00:00,,0
1164,715,113,1,9/3/2015 0:00:00,,0
1165,716,113,1,9/3/2015 0:00:00,,0
1166,717,113,1,9/3/2015 0:00:00,,0
1167,718,151,1,9/18/2015 0:00:00,,0
1168,718,69,1,9/18/2015 0:00:00,,0
1169,719,151,1,9/18/2015 0:00:00,,0
1170,719,63,1,9/18/2015 0:00:00,,0
1171,720,149,1,9/11/2015 0:00:00,,0
1172,720,139,1,9/11/2015 0:00:00,,0
1173,721,149,1,9/11/2015 0:00:00,,0
1174,721,139,1,9/11/2015 0:00:00,,0
1175,724,152,1,9/17/2015 0:00:00,,0
1176,724,88,1,9/17/2015 0:00:00,,0
1177,725,152,1,9/21/2015 0:00:00,,0
1178,725,88,1,9/21/2015 0:00:00,,0
1179,726,152,1,9/21/2015 0:00:00,,0
1180,726,88,1,9/21/2015 0:00:00,,0
1181,727,152,1,9/21/2015 0:00:00,,0
1182,727,88,1,9/21/2015 0:00:00,,0
1183,728,152,1,9/21/2015 0:00:00,,0
1184,728,88,1,9/21/2015 0:00:00,,0
1185,729,152,1,9/21/2015 0:00:00,,0
1186,729,88,1,9/21/2015 0:00:00,,0
1187,730,152,0,,,0
1188,730,88,0,,,0
1189,731,152,0,,,0
1190,731,88,0,,,0
1191,732,152,1,10/22/2015 0:00:00,,0
1192,732,88,1,10/22/2015 0:00:00,,0
1193,733,152,1,10/22/2015 0:00:00,,0
1194,733,88,1,10/22/2015 0:00:00,,0
1197,737,113,1,9/21/2015 0:00:00,,0
1198,738,152,1,9/28/2015 0:00:00,,0
1199,738,88,1,9/28/2015 0:00:00,,0
1200,739,151,1,9/22/2015 0:00:00,,0
1201,739,63,1,9/22/2015 0:00:00,,0
1202,740,151,0,,,0
1203,740,61,0,,,0
1204,745,152,1,9/23/2015 0:00:00,,0
1205,745,88,1,9/23/2015 0:00:00,,0
1206,745,86,1,9/23/2015 0:00:00,,0
1207,746,152,1,9/21/2015 0:00:00,,0
1208,746,88,1,9/21/2015 0:00:00,,0
1209,747,152,1,9/17/2015 0:00:00,,0
1210,747,100,1,9/17/2015 0:00:00,,0
1211,748,152,1,9/21/2015 0:00:00,,0
1212,748,100,1,9/21/2015 0:00:00,,0
1213,749,152,0,,,0
1214,749,88,0,,,0
1215,749,100,1,9/23/2015 0:00:00,,0
1216,751,152,0,,,0
1217,751,86,0,,,0
1218,751,100,0,,,0
1219,752,152,1,11/2/2015 0:00:00,,0
1220,752,91,1,11/2/2015 0:00:00,,0
1221,753,130,0,,,0
1222,756,130,1,9/15/2015 0:00:00,,0
1223,757,130,1,9/15/2015 0:00:00,,0
1224,758,151,1,9/25/2015 0:00:00,,0
1225,758,63,1,9/25/2015 0:00:00,,0
1226,759,149,1,9/22/2015 0:00:00,,0
1227,759,139,1,9/22/2015 0:00:00,,0
1228,760,149,1,9/22/2015 0:00:00,,0
1229,760,139,1,9/22/2015 0:00:00,,0
1230,761,149,1,9/22/2015 0:00:00,,0
1231,761,139,1,9/22/2015 0:00:00,,0
1232,762,151,1,9/18/2015 0:00:00,,0
1233,762,132,1,9/18/2015 0:00:00,,0
1234,764,130,1,9/18/2015 0:00:00,,0
1235,764,61,1,9/18/2015 0:00:00,,0
1236,765,150,0,,,0
1237,765,154,0,,,0
1238,768,152,0,,,0
1239,768,88,0,,,0
1240,769,152,1,12/10/2015 0:00:00,,0
1241,769,100,1,12/10/2015 0:00:00,,0
1242,770,152,1,10/22/2015 0:00:00,,0
1243,770,88,1,10/22/2015 0:00:00,,0
1244,771,152,1,10/22/2015 0:00:00,,0
1245,771,88,1,10/22/2015 0:00:00,,0
1246,772,152,1,9/23/2015 0:00:00,,0
1247,772,100,1,9/23/2015 0:00:00,,0
1248,774,151,1,9/29/2015 0:00:00,,0
1249,774,63,1,9/29/2015 0:00:00,,0
1250,775,151,1,9/29/2015 0:00:00,,0
1251,775,63,1,9/29/2015 0:00:00,,0
1252,776,151,1,10/20/2015 0:00:00,,0
1253,776,63,1,10/20/2015 0:00:00,,0
1254,777,151,1,9/29/2015 0:00:00,,0
1255,777,69,1,9/29/2015 0:00:00,,0
1256,778,149,1,9/25/2015 0:00:00,,0
1257,778,139,1,9/25/2015 0:00:00,,0
1258,779,152,1,10/5/2015 0:00:00,,0
1259,779,88,1,10/5/2015 0:00:00,,0
1260,780,152,1,11/2/2015 0:00:00,,0
1261,780,88,1,11/2/2015 0:00:00,,0
1262,781,152,1,10/5/2015 0:00:00,,0
1263,781,88,1,10/5/2015 0:00:00,,0
1264,782,152,0,,,0
1265,782,88,0,,,0
1266,783,152,1,10/5/2015 0:00:00,,0
1267,783,88,1,10/5/2015 0:00:00,,0
1268,784,152,0,,,0
1269,784,85,0,,,0
1270,785,153,1,10/1/2015 0:00:00,,0
1271,785,137,1,10/1/2015 0:00:00,,0
1272,786,152,1,10/7/2015 0:00:00,,0
1273,786,88,1,10/7/2015 0:00:00,,0
1274,787,152,1,9/28/2015 0:00:00,,0
1275,787,91,1,9/28/2015 0:00:00,,0
1276,788,152,0,,,0
1277,788,91,0,,,0
1278,789,151,0,,,0
1279,789,63,0,,,0
1280,790,151,0,,,0
1281,790,63,0,,,0
1282,791,130,0,,,0
1283,792,130,1,9/25/2015 0:00:00,,0
1284,793,152,0,,"James Alm Citation.pdf",0
1285,793,100,0,,,1
1286,794,153,0,,,0
1287,794,137,0,,,0
1288,795,153,1,10/1/2015 0:00:00,,0
1289,795,137,1,10/1/2015 0:00:00,,0
1290,796,153,1,10/1/2015 0:00:00,,0
1291,796,137,1,10/1/2015 0:00:00,,0
1292,797,152,1,,,0
1293,797,92,1,,,0
1294,798,153,1,10/1/2015 0:00:00,,0
1295,798,137,1,10/1/2015 0:00:00,,0
1296,799,153,1,10/1/2015 0:00:00,,0
1297,799,137,1,10/1/2015 0:00:00,,0
1298,801,113,0,,,0
1299,805,130,1,9/25/2015 0:00:00,,0
1300,806,151,1,10/6/2015 0:00:00,,0
1301,806,65,1,10/6/2015 0:00:00,,0
1302,812,149,0,,,0
1303,812,139,0,,,0
1304,813,152,1,4/21/2016 0:00:00,,0
1305,813,86,1,4/21/2016 0:00:00,,0
1306,814,153,1,10/5/2015 0:00:00,,0
1307,814,137,1,10/5/2015 0:00:00,,0
1308,815,152,1,10/7/2015 0:00:00,,0
1309,815,92,1,10/7/2015 0:00:00,,0
1310,816,152,1,10/5/2015 0:00:00,,0
1311,816,92,1,10/5/2015 0:00:00,,0
1312,817,152,1,10/15/2015 0:00:00,,0
1313,817,92,1,10/15/2015 0:00:00,,0
1314,818,152,1,10/5/2015 0:00:00,,0
1315,818,88,1,10/5/2015 0:00:00,,0
1316,804,130,1,,,0
1317,824,151,1,10/23/2015 0:00:00,,0
1318,824,60,1,10/23/2015 0:00:00,,0
1319,823,113,1,10/15/2015 0:00:00,,0
1320,830,151,1,10/20/2015 0:00:00,,0
1321,830,63,1,10/20/2015 0:00:00,,0
1322,831,152,1,10/22/2015 0:00:00,,0
1323,831,88,1,10/22/2015 0:00:00,,0
1324,832,152,1,10/22/2015 0:00:00,,0
1325,832,88,1,10/22/2015 0:00:00,,0
1326,833,152,1,12/10/2015 0:00:00,,0
1327,833,100,1,12/10/2015 0:00:00,,0
1328,834,152,1,11/2/2015 0:00:00,,0
1329,834,88,1,11/2/2015 0:00:00,,0
1330,836,150,0,,,0
1331,836,146,0,,,0
1332,836,151,1,1/26/2016 0:00:00,,0
1333,836,144,1,1/26/2016 0:00:00,,0
1334,837,151,1,10/20/2015 0:00:00,,0
1335,837,63,1,10/20/2015 0:00:00,,0
1336,838,151,1,10/20/2015 0:00:00,,0
1337,838,63,1,10/20/2015 0:00:00,,0
1338,839,151,0,,,0
1339,839,63,0,,,0
1340,841,149,1,10/20/2015 0:00:00,,0
1341,841,139,1,10/20/2015 0:00:00,,0
1342,842,149,1,10/20/2015 0:00:00,,0
1343,842,139,1,10/20/2015 0:00:00,,0
1344,843,149,1,10/20/2015 0:00:00,,0
1345,843,139,1,10/20/2015 0:00:00,,0
1346,844,153,1,10/21/2015 0:00:00,,0
1347,844,137,1,10/21/2015 0:00:00,,0
1348,844,152,1,10/21/2015 0:00:00,,0
1349,844,86,1,10/21/2015 0:00:00,,0
1350,844,100,1,10/21/2015 0:00:00,,0
1351,844,131,1,10/21/2015 0:00:00,,0
1352,845,153,1,10/22/2015 0:00:00,,0
1353,845,137,1,10/22/2015 0:00:00,,0
1354,846,152,0,,,0
1355,846,91,0,,,0
1356,847,153,1,10/22/2015 0:00:00,,0
1357,847,137,1,10/22/2015 0:00:00,,0
1358,848,153,1,10/26/2015 0:00:00,,0
1359,848,137,1,10/26/2015 0:00:00,,0
1360,849,152,0,,,0
1361,849,88,0,,,0
1362,851,152,1,10/19/2015 0:00:00,,0
1363,851,88,1,10/19/2015 0:00:00,,0
1364,852,152,0,,,0
1365,852,88,0,,,0
1366,857,152,1,12/10/2015 0:00:00,,0
1367,857,100,1,12/10/2015 0:00:00,,0
1368,859,149,1,10/27/2015 0:00:00,,0
1369,859,139,1,10/27/2015 0:00:00,,0
1370,860,151,0,,,0
1371,860,140,0,,,0
1372,861,149,1,10/27/2015 0:00:00,,0
1373,861,155,1,10/27/2015 0:00:00,,0
1374,862,152,1,12/14/2015 0:00:00,,0
1375,862,100,1,12/14/2015 0:00:00,,0
1376,862,91,1,12/14/2015 0:00:00,,0
1377,863,152,0,,,0
1378,863,91,0,,,0
1379,864,152,0,,,0
1380,864,88,0,,,0
1381,865,152,0,,,0
1382,865,88,0,,,0
1383,866,113,0,,,0
1384,867,152,1,11/2/2015 0:00:00,,0
1385,867,100,1,11/2/2015 0:00:00,,0
1386,868,152,1,11/17/2015 0:00:00,,0
1387,868,156,1,11/17/2015 0:00:00,,0
1388,869,152,1,11/4/2015 0:00:00,,0
1389,869,92,1,11/4/2015 0:00:00,,0
1390,870,151,1,11/13/2015 0:00:00,,0
1391,870,63,1,11/13/2015 0:00:00,,0
1392,871,130,1,10/23/2015 0:00:00,,0
1393,873,151,0,,,0
1394,873,60,0,,,0
1395,873,61,0,,,0
1396,874,113,1,10/26/2015 0:00:00,,0
1397,875,152,1,11/2/2015 0:00:00,,0
1398,875,88,1,11/2/2015 0:00:00,,0
1399,876,152,1,11/2/2015 0:00:00,,0
1400,876,91,1,11/2/2015 0:00:00,,0
1401,879,149,1,11/10/2015 0:00:00,,0
1402,879,157,1,11/10/2015 0:00:00,,0
1403,880,130,1,10/27/2015 0:00:00,,0
1404,881,130,1,10/27/2015 0:00:00,,0
1405,882,130,1,10/27/2015 0:00:00,,0
1406,883,149,1,11/3/2015 0:00:00,,0
1407,883,155,1,11/3/2015 0:00:00,,0
1408,886,150,0,,,0
1409,886,158,0,,,0
1410,885,151,0,,,0
1411,885,63,0,,,0
1412,892,150,0,,,1
1413,892,146,0,,,1
1414,892,151,1,1/26/2016 0:00:00,,1
1415,892,144,1,1/26/2016 0:00:00,,1
1416,840,151,0,,,0
1417,840,63,0,,,0
1418,893,130,0,,,0
1419,895,113,1,11/2/2015 0:00:00,,0
1420,896,113,1,11/2/2015 0:00:00,,0
1421,898,113,1,11/2/2015 0:00:00,,0
1422,901,152,1,11/12/2015 0:00:00,,0
1423,901,100,1,11/12/2015 0:00:00,,0
1424,902,153,1,11/5/2015 0:00:00,,0
1425,902,137,1,11/5/2015 0:00:00,,0
1426,900,130,1,11/2/2015 0:00:00,,0
1427,903,151,1,11/13/2015 0:00:00,,0
1428,903,63,1,11/13/2015 0:00:00,,0
1429,904,130,1,11/13/2015 0:00:00,,0
1430,905,153,1,11/9/2015 0:00:00,,0
1431,905,137,1,11/9/2015 0:00:00,,0
1432,906,153,1,11/9/2015 0:00:00,,0
1433,906,137,1,11/9/2015 0:00:00,,0
1434,907,152,1,11/12/2015 0:00:00,,0
1435,907,100,1,11/12/2015 0:00:00,,0
1436,908,152,1,11/12/2015 0:00:00,,0
1437,908,100,1,11/12/2015 0:00:00,,0
1438,908,153,1,11/12/2015 0:00:00,,0
1439,908,137,1,11/12/2015 0:00:00,,0
1440,910,152,0,,,0
1441,910,91,0,,,0
1442,913,152,1,12/2/2015 0:00:00,,0
1443,913,92,1,12/2/2015 0:00:00,,0
1444,917,130,1,11/13/2015 0:00:00,,0
1445,920,149,1,11/17/2015 0:00:00,,0
1446,920,139,1,11/17/2015 0:00:00,,0
1447,921,149,1,11/13/2015 0:00:00,,0
1448,921,139,1,11/13/2015 0:00:00,,0
1449,922,149,1,11/18/2015 0:00:00,,0
1450,922,155,1,11/18/2015 0:00:00,,0
1451,926,152,1,12/10/2015 0:00:00,,0
1452,926,100,1,12/10/2015 0:00:00,,0
1453,927,152,1,12/2/2015 0:00:00,,0
1454,927,100,1,12/2/2015 0:00:00,,0
1455,928,152,1,11/17/2015 0:00:00,,0
1456,928,100,1,11/17/2015 0:00:00,,0
1457,928,105,1,11/17/2015 0:00:00,,0
1458,929,159,1,12/2/2015 0:00:00,,0
1459,929,160,1,12/2/2015 0:00:00,,0
1460,930,159,1,12/10/2015 0:00:00,,0
1461,930,160,1,12/10/2015 0:00:00,,0
1462,933,149,1,11/24/2015 0:00:00,,0
1463,933,155,1,11/24/2015 0:00:00,,0
1464,935,149,1,11/24/2015 0:00:00,,0
1465,935,155,1,11/24/2015 0:00:00,,0
1467,936,161,1,11/24/2015 0:00:00,,0
1468,936,162,1,11/24/2015 0:00:00,,0
1469,937,151,1,12/22/2015 0:00:00,,0
1470,937,65,1,12/22/2015 0:00:00,,0
1471,938,149,1,11/24/2015 0:00:00,,0
1472,938,139,1,11/24/2015 0:00:00,,0
1473,939,161,1,11/24/2015 0:00:00,,0
1474,939,162,1,11/24/2015 0:00:00,,0
1475,940,152,0,,,0
1476,940,134,0,,,0
1477,943,152,0,,,0
1478,943,86,0,,,0
1479,943,100,0,,,0
1480,944,152,1,12/2/2015 0:00:00,,0
1481,944,100,1,12/2/2015 0:00:00,,0
1482,945,152,1,1/4/2016 0:00:00,,0
1483,945,86,1,1/4/2016 0:00:00,,0
1484,946,152,1,3/10/2016 0:00:00,,0
1485,946,86,1,3/10/2016 0:00:00,,0
1486,946,100,1,3/10/2016 0:00:00,,0
1487,948,151,1,12/1/2015 0:00:00,,0
1488,948,69,1,12/1/2015 0:00:00,,0
1489,949,149,1,12/1/2015 0:00:00,,0
1490,949,139,1,12/1/2015 0:00:00,,0
1492,950,149,1,12/1/2015 0:00:00,,0
1493,950,139,1,12/1/2015 0:00:00,,0
1494,956,130,1,11/13/2015 0:00:00,,0
1495,957,152,1,12/14/2015 0:00:00,,0
1496,957,91,1,12/14/2015 0:00:00,,0
1497,958,152,1,12/21/2015 0:00:00,,0
1498,958,91,1,12/21/2015 0:00:00,,0
1499,959,153,1,12/7/2015 0:00:00,,0
1500,959,137,1,12/7/2015 0:00:00,,0
1501,960,153,1,12/7/2015 0:00:00,,0
1502,960,137,1,12/7/2015 0:00:00,,0
1503,961,152,0,,,0
1504,961,91,0,,,0
1505,962,152,1,12/10/2015 0:00:00,,0
1506,962,100,1,12/10/2015 0:00:00,,0
1507,963,152,1,12/14/2015 0:00:00,,0
1508,963,100,1,12/14/2015 0:00:00,,0
1509,964,159,1,12/10/2015 0:00:00,,0
1510,964,160,1,12/10/2015 0:00:00,,0
1511,966,159,1,12/10/2015 0:00:00,,0
1512,966,160,1,12/10/2015 0:00:00,,0
1513,947,159,1,12/28/2015 0:00:00,,0
1514,947,160,1,12/28/2015 0:00:00,,0
1515,967,159,1,12/10/2015 0:00:00,,0
1516,967,160,1,12/10/2015 0:00:00,,0
1517,969,150,1,1/19/2016 0:00:00,,0
1518,969,158,1,1/19/2016 0:00:00,,0
1519,970,152,0,,,0
1520,970,86,0,,,0
1521,971,152,0,,,0
1522,971,85,0,,,0
1523,420,113,0,,,0
1524,421,113,0,,,0
1525,445,152,0,,,1
1526,445,91,0,,,1
1527,443,152,1,12/14/2015 0:00:00,,1
1528,443,88,1,12/14/2015 0:00:00,,1
1529,972,153,1,12/14/2015 0:00:00,,0
1530,972,137,1,12/14/2015 0:00:00,,0
1531,972,152,1,12/14/2015 0:00:00,,0
1532,972,105,1,12/14/2015 0:00:00,,0
1533,973,153,1,12/28/2015 0:00:00,,0
1534,973,137,1,12/28/2015 0:00:00,,0
1535,974,152,1,12/14/2015 0:00:00,,0
1536,974,100,1,12/14/2015 0:00:00,,0
1537,975,152,1,12/28/2015 0:00:00,,0
1538,975,100,1,12/28/2015 0:00:00,,0
1539,975,105,1,12/28/2015 0:00:00,,0
1540,976,153,1,12/14/2015 0:00:00,,0
1541,976,137,1,12/14/2015 0:00:00,,0
1542,978,151,1,12/18/2015 0:00:00,,0
1543,978,69,1,12/18/2015 0:00:00,,0
1544,968,151,1,12/22/2015 0:00:00,,0
1545,968,60,1,12/22/2015 0:00:00,,0
1546,979,149,1,12/11/2015 0:00:00,,0
1547,979,139,1,12/11/2015 0:00:00,,0
1548,980,149,1,12/8/2015 0:00:00,,0
1549,980,139,1,12/8/2015 0:00:00,,0
1550,981,151,1,,,0
1551,981,69,1,,,0
1552,982,148,1,12/22/2015 0:00:00,,0
1553,982,163,1,12/22/2015 0:00:00,,0
1554,984,152,1,12/14/2015 0:00:00,,0
1555,984,91,1,12/14/2015 0:00:00,,0
1556,985,152,1,12/14/2015 0:00:00,,0
1557,985,100,1,12/14/2015 0:00:00,,0
1558,997,152,1,12/21/2015 0:00:00,,0
1559,997,100,1,12/21/2015 0:00:00,,0
1560,998,152,1,1/4/2016 0:00:00,,0
1561,998,86,1,1/4/2016 0:00:00,,0
1562,999,152,1,3/10/2016 0:00:00,,0
1563,999,86,1,3/10/2016 0:00:00,,0
1564,999,100,1,3/10/2016 0:00:00,,0
1565,1000,153,1,12/21/2015 0:00:00,,0
1566,1000,137,1,12/21/2015 0:00:00,,0
1567,1001,153,1,12/21/2015 0:00:00,,0
1568,1001,137,1,12/21/2015 0:00:00,,0
1569,1002,152,0,,,0
1570,1002,88,0,,,0
1571,1002,100,0,,,0
1572,1002,134,0,,,0
1573,1004,149,1,12/18/2015 0:00:00,,0
1574,1004,139,1,12/18/2015 0:00:00,,0
1575,1005,149,1,12/18/2015 0:00:00,,0
1576,1005,139,1,12/18/2015 0:00:00,,0
1577,1006,151,1,2/9/2016 0:00:00,,0
1578,1006,65,1,2/9/2016 0:00:00,,0
1579,1007,149,1,12/22/2015 0:00:00,,0
1580,1007,139,1,12/22/2015 0:00:00,,0
1581,1008,149,1,12/18/2015 0:00:00,,0
1582,1008,139,1,12/18/2015 0:00:00,,0
1583,1009,151,1,12/22/2015 0:00:00,,0
1584,1009,65,1,12/22/2015 0:00:00,,0
1585,1010,152,1,,,0
1586,1010,91,1,,,0
1587,1010,92,1,,,0
1588,1011,153,1,12/21/2015 0:00:00,,0
1589,1011,137,1,12/21/2015 0:00:00,,0
1590,1012,153,1,12/21/2015 0:00:00,,0
1591,1012,137,1,12/21/2015 0:00:00,,0
1592,1013,152,0,,,0
1593,1013,91,0,,,0
1594,1014,159,1,12/28/2015 0:00:00,,0
1595,1014,160,1,12/28/2015 0:00:00,,0
1596,1015,159,1,12/30/2015 0:00:00,,0
1597,1015,160,1,12/30/2015 0:00:00,,0
1598,1018,152,1,12/30/2015 0:00:00,,0
1599,1018,102,1,12/30/2015 0:00:00,,0
1600,1018,105,1,12/30/2015 0:00:00,,0
1601,1017,152,0,,,0
1602,1017,100,0,,,0
1603,1020,159,1,12/30/2015 0:00:00,,0
1604,1020,160,1,12/30/2015 0:00:00,,0
1605,1022,152,0,,,0
1606,1022,91,0,,,0
1607,1023,152,0,,,0
1608,1023,86,0,,,0
1609,1024,152,0,,,0
1610,1024,100,0,,,0
1611,1025,152,1,,,0
1612,1025,86,1,,,0
1613,1025,105,1,,,0
1614,1026,152,1,1/11/2016 0:00:00,,0
1615,1026,100,1,1/11/2016 0:00:00,,0
1616,1027,153,1,1/11/2016 0:00:00,,0
1617,1027,137,1,1/11/2016 0:00:00,,0
1618,1028,152,0,,,0
1619,1028,100,0,,,0
1620,1032,150,1,1/15/2016 0:00:00,,0
1621,1032,158,1,1/15/2016 0:00:00,,0
1622,1033,149,1,1/12/2016 0:00:00,,0
1623,1033,139,1,1/12/2016 0:00:00,,0
1624,1034,149,1,1/12/2016 0:00:00,,0
1625,1034,139,1,1/12/2016 0:00:00,,0
1626,1035,149,1,1/19/2016 0:00:00,,0
1627,1035,139,1,1/19/2016 0:00:00,,0
1628,1036,151,0,,,0
1629,1036,69,0,,,0
1630,1037,149,1,1/8/2016 0:00:00,,0
1631,1037,139,1,1/8/2016 0:00:00,,0
1632,1038,130,0,,,0
1633,1041,152,1,,,0
1634,1041,86,1,,,0
1635,1042,152,1,1/25/2016 0:00:00,,0
1636,1042,86,1,1/25/2016 0:00:00,,0
1637,1043,113,0,,,0
1638,1044,152,1,1/11/2016 0:00:00,,0
1639,1044,92,1,1/11/2016 0:00:00,,0
1640,1046,151,1,2/9/2016 0:00:00,,0
1641,1046,69,1,2/9/2016 0:00:00,,0
1642,1047,152,0,,,0
1643,1047,85,0,,,0
1644,1048,152,1,1/21/2016 0:00:00,,0
1645,1048,100,1,1/21/2016 0:00:00,,0
1646,1049,152,1,1/14/2016 0:00:00,,0
1647,1049,100,1,1/14/2016 0:00:00,,0
1648,1050,152,0,,,0
1649,1050,91,0,,,0
1650,1051,152,1,1/14/2016 0:00:00,,0
1651,1051,105,1,1/14/2016 0:00:00,,0
1652,1052,153,1,1/14/2016 0:00:00,,0
1653,1052,137,1,1/14/2016 0:00:00,,0
1654,1053,153,1,1/21/2016 0:00:00,,0
1655,1053,137,1,1/21/2016 0:00:00,,0
1656,1054,153,1,1/21/2016 0:00:00,,0
1657,1054,137,1,1/21/2016 0:00:00,,0
1658,1055,153,1,1/21/2016 0:00:00,,0
1659,1055,137,1,1/21/2016 0:00:00,,0
1660,1057,152,0,,,0
1661,1057,86,0,,,0
1662,1057,100,0,,,0
1663,1059,153,1,,,0
1664,1059,137,1,,,0
1665,1060,153,1,1/21/2016 0:00:00,,0
1666,1060,137,1,1/21/2016 0:00:00,,0
1667,1061,152,1,1/21/2016 0:00:00,,0
1668,1061,100,1,1/21/2016 0:00:00,,0
1669,1062,152,1,1/21/2016 0:00:00,,0
1670,1062,105,1,1/21/2016 0:00:00,,0
1671,1063,152,1,1/21/2016 0:00:00,,0
1672,1063,105,1,1/21/2016 0:00:00,,0
1673,1064,152,1,1/21/2016 0:00:00,,0
1674,1064,100,1,1/21/2016 0:00:00,,0
1675,1065,151,0,,,0
1676,1065,69,0,,,0
1677,1066,149,1,1/26/2016 0:00:00,,0
1679,1066,139,1,1/26/2016 0:00:00,,0
1680,1067,149,1,1/26/2016 0:00:00,,0
1681,1067,139,1,1/26/2016 0:00:00,,0
1682,1068,152,0,,,0
1683,1068,90,0,,,0
1684,1069,113,1,2/8/2016 0:00:00,,0
1685,1069,100,1,2/8/2016 0:00:00,,0
1686,1071,151,0,,,0
1687,1071,69,0,,,0
1688,1074,149,1,1/29/2016 0:00:00,,0
1689,1074,139,1,1/29/2016 0:00:00,,0
1690,1075,149,1,2/9/2016 0:00:00,,0
1691,1075,139,1,2/9/2016 0:00:00,,0
1692,1076,151,1,2/9/2016 0:00:00,,0
1693,1076,69,1,2/9/2016 0:00:00,,0
1694,1077,152,1,2/17/2016 0:00:00,,0
1695,1077,100,1,2/17/2016 0:00:00,,0
1696,1078,152,1,1/28/2016 0:00:00,,0
1697,1078,100,1,1/28/2016 0:00:00,,0
1698,1080,152,0,,,0
1699,1080,100,0,,,0
1700,1080,131,0,,,0
1701,1081,167,0,,,0
1702,1082,164,0,,,0
1703,1084,151,0,,,0
1704,1084,168,0,,,0
1705,1085,167,0,,,0
1706,1086,167,0,,,0
1707,1087,167,0,,,0
1708,1088,167,0,,,0
1709,1089,113,1,,,0
1710,1090,152,1,2/11/2016 0:00:00,,0
1711,1090,100,1,2/11/2016 0:00:00,,0
1712,1091,153,0,,,0
1713,1091,137,0,,,0
1714,1093,152,1,2/17/2016 0:00:00,,0
1715,1093,100,1,2/17/2016 0:00:00,,0
1716,1094,152,0,,,1
1717,1094,85,0,,,1
1718,1098,130,1,,,0
1719,1100,149,1,2/12/2016 0:00:00,,0
1720,1100,139,1,2/12/2016 0:00:00,,0
1721,1101,149,1,2/17/2016 0:00:00,,0
1722,1101,139,1,2/17/2016 0:00:00,,0
1723,1102,149,1,2/17/2016 0:00:00,,0
1724,1102,139,1,2/17/2016 0:00:00,,0
1725,1103,152,1,3/10/2016 0:00:00,,0
1726,1103,100,1,3/10/2016 0:00:00,,0
1727,1105,152,1,2/18/2016 0:00:00,,0
1728,1105,131,1,2/18/2016 0:00:00,,0
1729,1106,152,1,2/18/2016 0:00:00,,0
1730,1106,100,1,2/18/2016 0:00:00,,0
1731,1107,152,1,2/18/2016 0:00:00,,0
1732,1107,100,1,2/18/2016 0:00:00,,0
1733,1108,153,1,2/18/2016 0:00:00,,0
1734,1108,137,1,2/18/2016 0:00:00,,0
1735,1112,152,1,3/24/2016 0:00:00,,0
1736,1112,91,1,3/24/2016 0:00:00,,0
1737,1113,149,1,3/2/2016 0:00:00,,0
1738,1113,139,1,3/2/2016 0:00:00,,0
1739,1114,161,1,3/2/2016 0:00:00,,0
1740,1114,169,1,3/2/2016 0:00:00,,0
1741,1111,152,0,,,0
1742,1111,81,0,,,0
1743,1111,83,0,,,0
1744,1116,152,1,2/25/2016 0:00:00,,0
1745,1116,92,1,2/25/2016 0:00:00,,0
1746,1117,152,0,,,1
1747,1117,91,0,,,1
1748,1118,152,0,,,0
1749,1118,100,0,,,0
1750,1119,152,1,3/3/2016 0:00:00,,0
1751,1119,100,1,3/3/2016 0:00:00,,0
1752,1120,152,1,3/21/2016 0:00:00,,0
1753,1120,92,1,3/21/2016 0:00:00,,0
1754,1121,152,0,,,0
1755,1121,100,0,,,0
1756,1141,152,1,4/4/2016 0:00:00,,0
1757,1141,91,1,4/4/2016 0:00:00,,0
1758,1142,130,1,,,0
1759,1127,130,1,2/23/2016 0:00:00,,0
1760,1148,152,1,3/21/2016 0:00:00,,0
1761,1148,92,1,3/21/2016 0:00:00,,0
1762,1149,150,0,,,0
1763,1149,146,0,,,0
1764,1145,130,0,,,0
1765,1156,130,1,3/30/2016 0:00:00,,0
1766,1157,152,1,3/23/2016 0:00:00,,0
1767,1157,100,1,3/23/2016 0:00:00,,0
1768,1158,152,1,4/11/2016 0:00:00,,0
1769,1158,100,1,4/11/2016 0:00:00,,0
1770,1159,153,1,3/17/2016 0:00:00,,0
1771,1159,137,1,3/17/2016 0:00:00,,0
1772,1160,153,1,3/17/2016 0:00:00,,0
1773,1160,137,1,3/17/2016 0:00:00,,0
1774,1161,152,1,3/23/2016 0:00:00,,0
1775,1161,86,1,3/23/2016 0:00:00,,0
1776,1162,152,0,,,0
1777,1162,91,0,,,0
1778,1166,151,1,3/18/2016 0:00:00,,0
1779,1166,69,1,3/18/2016 0:00:00,,0
1780,1167,151,1,4/19/2016 0:00:00,,0
1781,1167,65,1,4/19/2016 0:00:00,,0
1782,1168,151,1,3/29/2016 0:00:00,,0
1783,1168,61,1,3/29/2016 0:00:00,,0
1784,1168,69,1,3/29/2016 0:00:00,,0
1785,1170,151,0,,,0
1786,1170,60,0,,,0
1787,1170,170,0,,,0
1788,1170,171,0,,,0
1789,1170,172,0,,,0
1790,1170,69,0,,,0
1791,1171,152,1,3/31/2016 0:00:00,,0
1792,1171,100,1,3/31/2016 0:00:00,,0
1793,1172,151,1,3/25/2016 0:00:00,,0
1794,1172,69,1,3/25/2016 0:00:00,,0
1795,1175,113,1,,,0
1796,1176,152,0,,,0
1797,1176,100,0,,,0
1798,1177,113,1,,,0
1799,1178,113,1,,,0
1800,1179,153,1,3/24/2016 0:00:00,,0
1801,1179,137,1,3/24/2016 0:00:00,,0
1802,1180,130,1,,,0
1803,1181,150,1,3/30/2016 0:00:00,,0
1804,1181,146,1,3/30/2016 0:00:00,,0
1805,1181,158,1,3/30/2016 0:00:00,,0
1806,1184,113,1,,,0
1807,1185,152,0,,,0
1808,1185,91,0,,,0
1809,1186,152,0,,,0
1810,1186,90,0,,,0
1811,1192,152,0,,,0
1812,1192,100,0,,,0
1813,1140,113,0,,,0
1814,1197,151,0,,,0
1815,1197,69,0,,,0
1816,1198,152,1,4/4/2016 0:00:00,,0
1817,1198,100,1,4/4/2016 0:00:00,,0
1818,1199,153,1,4/4/2016 0:00:00,,0
1819,1199,137,1,4/4/2016 0:00:00,,0
1820,1200,153,1,4/4/2016 0:00:00,,0
1821,1200,137,1,4/4/2016 0:00:00,,0
1822,1201,153,1,4/4/2016 0:00:00,,0
1823,1201,137,1,4/4/2016 0:00:00,,0
1824,1202,152,1,3/31/2016 0:00:00,,0
1825,1202,100,1,3/31/2016 0:00:00,,0
1826,1204,151,0,,,0
1827,1204,69,0,,,0
1828,1207,151,1,4/5/2016 0:00:00,,0
1829,1207,69,1,4/5/2016 0:00:00,,0
1830,1208,130,0,,,0
1831,1211,149,1,3/31/2016 0:00:00,,0
1832,1211,139,1,3/31/2016 0:00:00,,0
1833,1211,155,1,3/31/2016 0:00:00,,0
1834,1212,149,1,4/5/2016 0:00:00,,0
1835,1212,139,1,4/5/2016 0:00:00,,0
1836,1212,155,1,4/5/2016 0:00:00,,0
1837,1213,149,1,4/5/2016 0:00:00,,0
1838,1213,155,1,4/5/2016 0:00:00,,0
1839,1220,152,1,4/25/2016 0:00:00,,0
1840,1220,100,1,4/25/2016 0:00:00,,0
1841,1221,152,0,,,0
1842,1221,86,0,,,0
1843,1221,91,0,,,0
1844,1223,152,0,,,0
1845,1223,86,0,,,0
1846,1223,100,0,,,0
1847,1224,113,0,,,0
1848,1225,130,0,,,0
1849,1155,130,0,,,0
1850,1219,130,1,,,0
1851,1229,150,1,4/27/2016 0:00:00,,0
1852,1229,146,1,4/27/2016 0:00:00,,0
1853,1229,151,1,4/27/2016 0:00:00,,0
1854,1229,69,1,4/27/2016 0:00:00,,0
1855,1230,150,1,4/19/2016 0:00:00,,0
1856,1230,146,1,4/19/2016 0:00:00,,0
1857,1231,151,1,4/26/2016 0:00:00,,0
1858,1231,69,1,4/26/2016 0:00:00,,0
1859,1232,151,0,,,0
1860,1232,61,0,,,0
1861,1233,151,1,4/13/2016 0:00:00,,0
1862,1233,69,1,4/13/2016 0:00:00,,0
1863,1234,151,0,,,0
1864,1234,65,0,,,0
1865,1236,152,1,,,0
1866,1236,100,1,,,0
1867,1189,113,0,,,0
1868,1241,153,1,4/11/2016 0:00:00,,0
1869,1241,137,1,4/11/2016 0:00:00,,0
1870,1241,152,1,4/11/2016 0:00:00,,0
1871,1241,100,1,4/11/2016 0:00:00,,0
1872,1242,152,1,4/28/2016 0:00:00,,0
1873,1242,100,1,4/28/2016 0:00:00,,0
1874,1243,152,0,,,0
1875,1243,91,0,,,0
1876,1244,153,1,4/25/2016 0:00:00,,0
1877,1244,137,1,4/25/2016 0:00:00,,0
1878,1245,173,1,4/25/2016 0:00:00,,0
1879,1245,174,1,4/25/2016 0:00:00,,0
1880,1247,130,0,,,0
1881,1248,152,0,,,0
1882,1248,176,0,,,0
1883,1248,175,0,,,0
1884,1249,152,0,,,0
1885,1249,86,0,,,0
1886,1249,100,0,,,0
1887,1250,152,0,,,0
1888,1250,100,0,,,0
1889,1251,113,1,4/21/2016 0:00:00,,0
1890,1252,113,1,4/21/2016 0:00:00,,0
1891,1253,113,0,,,0
1892,1254,150,0,,,0
1893,1254,146,0,,,0
1894,1255,151,0,,,0
1895,1255,69,0,,,0
1896,1258,151,1,4/19/2016 0:00:00,,0
1897,1258,69,1,4/19/2016 0:00:00,,0
1898,1259,151,0,,,0
1899,1259,140,0,,,0
1900,1259,69,0,,,0
1901,1259,63,0,,,0
1902,1260,152,1,4/28/2016 0:00:00,,0
1903,1260,100,1,4/28/2016 0:00:00,,0
1904,1261,152,1,4/25/2016 0:00:00,,0
1905,1261,100,1,4/25/2016 0:00:00,,0
1906,1263,152,0,,,0
1907,1263,91,0,,,0
1908,1264,152,0,,,0
1909,1264,91,0,,,0
1910,1265,149,1,4/27/2016 0:00:00,,0
1911,1265,139,1,4/27/2016 0:00:00,,0
1912,1266,151,0,,,0
1913,1266,64,0,,,0
1914,1266,69,0,,,0
1915,1268,151,0,,,0
1916,1268,61,0,,,0
1917,1269,150,1,4/22/2016 0:00:00,,0
1918,1269,146,1,4/22/2016 0:00:00,,0
1919,1270,150,1,4/27/2016 0:00:00,,0
1920,1270,146,1,4/27/2016 0:00:00,,0
1921,1270,151,1,4/27/2016 0:00:00,,0
1922,1270,69,1,4/27/2016 0:00:00,,0
1923,1271,150,1,4/19/2016 0:00:00,,0
1924,1271,146,1,4/19/2016 0:00:00,,0
1925,1274,151,1,4/22/2016 0:00:00,,0
1926,1274,69,1,4/22/2016 0:00:00,,0
1927,1277,152,1,4/25/2016 0:00:00,,0
1928,1277,100,1,4/25/2016 0:00:00,,0
1929,1278,152,0,,,0
1930,1278,91,0,,,0
1931,1279,152,0,,,0
1932,1279,92,0,,,0
1933,1280,152,0,,,0
1934,1280,86,0,,,0
1935,1280,100,0,,,0
1936,1282,151,0,,,0
1937,1282,64,0,,,0
1938,1284,152,0,,,0
1939,1284,176,0,,,0
1940,1284,175,0,,,0
1941,1285,152,0,,,0
1942,1285,100,0,,,0
1943,1285,91,0,,,0
1944,1286,152,0,,,0
1945,1286,86,0,,,0
1946,1290,149,1,4/22/2016 0:00:00,,0
1947,1290,139,1,4/22/2016 0:00:00,,0
1948,1293,153,1,4/25/2016 0:00:00,,0
1949,1293,137,1,4/25/2016 0:00:00,,0
1950,1294,153,1,4/25/2016 0:00:00,,0
1951,1294,137,1,4/25/2016 0:00:00,,0
1952,1295,153,1,4/21/2016 0:00:00,,0
1953,1295,137,1,4/21/2016 0:00:00,,0
1954,1296,152,0,,,0
1955,1296,86,0,,,0
1956,1297,152,1,4/28/2016 0:00:00,,0
1957,1297,100,1,4/28/2016 0:00:00,,0
1958,1298,113,1,4/21/2016 0:00:00,,0
1959,1299,113,0,,,0
1960,1300,113,0,,,0
1961,1301,152,0,,,0
1962,1301,86,0,,,0
1963,1292,161,1,4/22/2016 0:00:00,,0
1964,1292,162,1,4/22/2016 0:00:00,,0
1965,1307,130,0,,,0
1966,1313,151,0,,,0
1967,1313,63,0,,,0
1968,1314,151,0,,,0
1969,1314,63,0,,,0
1970,1272,113,0,,,0
1971,1318,113,0,,,0
1972,1320,113,0,,,0
1973,1321,152,0,,,0
1974,1321,85,0,,,0
1975,1321,159,0,,,0
1976,1321,177,0,,,0
1977,1322,152,0,,,0
1978,1322,91,0,,,0
1979,1326,152,1,5/11/2016 0:00:00,,0
1980,1326,88,1,5/11/2016 0:00:00,,0
1981,1327,153,0,,,0
1982,1327,137,0,,,0
1983,1328,152,0,,,0
1984,1328,88,0,,,0
1985,1329,152,0,,,0
1986,1329,88,0,,,0
1987,1330,152,1,,,0
1988,1330,88,1,,,0
1989,1331,63,0,,,0
1990,1332,151,0,,,0
1991,1332,63,0,,,0
1992,1333,151,0,,,0
1993,1333,178,0,,,0
1994,1338,86,0,,,0
1995,1338,88,0,,,0
1996,1338,152,0,,,0
1997,1340,152,0,,,0
1998,1340,88,0,,,0
1999,1340,90,0,,,0
2000,1341,152,0,,,0
2001,1341,88,0,,,0
2002,1342,152,1,,,0
2003,1342,88,1,,,0
2004,1343,152,0,,,0
2005,1343,88,0,,,0
2006,1344,152,0,,,0
2007,1344,88,0,,,0
2008,1345,152,1,,,0
2009,1345,88,1,,,0
2010,1339,152,0,,,0
2011,1339,141,0,,,0
2012,1349,152,0,,,0
2013,1349,88,0,,,0
2014,1350,152,0,,,0
2015,1350,88,1,,,0
2016,1351,151,0,,,0
2017,1351,63,0,,,0
2018,1352,151,0,,,0
2019,1352,63,0,,,0
2020,1353,151,0,,,0
2021,1353,63,0,,,0
2022,1354,151,0,,,0
2023,1354,63,0,,,0
2024,1355,151,0,,,0
2025,1355,63,0,,,0
2026,1359,130,0,,,0
2027,1360,151,0,,,0
2028,1360,63,0,,,0
2029,1361,151,0,,,0
2030,1361,63,0,,,0
2031,1362,151,0,,,0
2032,1362,63,0,,,0
2033,1363,151,0,,,0
2034,1363,63,0,,,0
2035,1364,151,0,,,0
2036,1364,63,0,,,0
2037,1365,151,0,,,0
2038,1365,63,0,,,0
2039,1366,151,0,,,0
2040,1366,63,0,,,0
2041,1367,151,0,,,0
2042,1367,63,0,,,0
2043,1368,152,1,,,0
2044,1368,88,1,,,0
2045,1369,152,0,,,0
2046,1369,88,0,,,0
2047,1370,152,0,,,0
2048,1370,88,1,,,0
2049,1371,152,1,,,0
2050,1371,88,1,,,0
2051,1372,152,0,,,0
2052,1372,88,0,,,0
2053,1376,151,0,,,0
2054,1376,63,0,,,0
2055,1377,151,0,,,0
2056,1377,63,0,,,0
2057,1378,151,0,,,0
2058,1378,63,0,,,0
2059,1379,151,0,,,0
2060,1379,63,0,,,0
2061,1380,151,0,,,0
2062,1380,63,0,,,0
2063,1381,151,0,,,0
2064,1381,63,0,,,0
2065,1382,152,0,,,0
2066,1382,88,0,,,0
2067,1383,152,1,,,0
2068,1384,152,0,,,0
2069,1384,88,0,,,0
2070,1385,152,0,,,0
2071,1385,91,0,,,0
2072,1385,103,0,,,0
2073,1386,152,0,,,0
2074,1386,88,0,,,0
2075,1386,100,0,,,0
2076,1386,98,0,,,0
2077,1387,151,0,,,0
2078,1387,65,0,,,0
2079,1387,72,0,,,0
2080,1389,151,0,,,0
2081,1389,63,0,,,0
2082,1390,151,0,,,0
2083,1390,63,0,,,0
2084,1391,151,0,,,0
2085,1391,63,0,,,0
2086,1392,151,0,,,0
2087,1392,63,0,,,0
2088,1393,151,0,,,0
2089,1393,63,0,,,0
2090,1394,179,0,,,0
2091,1394,183,0,,,0
2092,1394,187,0,,,0
2093,1394,190,0,,,0
2094,1394,220,0,,,0
2095,1395,179,1,,,0
2096,1395,187,1,,,0
2097,1396,179,0,,,0
2098,1396,187,1,,,0
2099,1397,179,0,,,0
2100,1397,183,0,,,0
2101,1397,187,0,,,0
2102,1397,198,0,,,0
2103,1398,179,0,,,0
2104,1398,187,0,,,0
2105,1399,179,0,,,0
2106,1399,187,0,,,0
2107,1400,179,1,,,0
2108,1400,187,1,,,0
2109,1400,195,1,,,0
2110,1401,179,0,,,0
2111,1401,187,0,,,0
2112,1401,198,0,,,0
2113,1402,179,0,,,0
2114,1402,187,0,,,0
2115,1402,183,0,,,0
2116,1403,179,1,,,0
2117,1403,187,1,,,0
2118,1404,179,1,,,0
2119,1404,187,1,,,0
2120,1405,179,1,,,0
2121,1405,187,1,,,0
2122,1406,179,1,,,0
2123,1406,187,1,,,0
2124,1407,179,1,,,0
2125,1407,187,1,,,0
2126,1408,179,1,,,0
2127,1408,187,1,,,0
2128,1409,179,0,,,0
2129,1409,187,0,,,0
2130,1409,190,0,,,0
2131,1410,179,0,,,0
2132,1410,187,0,,,0
2133,1410,183,0,,,0
2134,1411,179,1,,,0
2135,1411,187,1,,,0
2136,1383,88,1,,,0
2137,1412,151,0,,,0
2138,1412,63,0,,,0
2139,1414,223,0,,,0
2140,1414,179,0,,,0
2141,1414,186,0,,,0
2142,1415,179,0,,,0
2143,1415,186,0,,,0
2144,1415,223,0,,,0
2145,1417,179,0,,,0
2146,1417,187,0,,,0
2147,1419,179,0,,,0
2148,1419,187,1,,,0
2149,1418,179,1,,,0
2150,1418,187,1,,,0
2151,1420,187,1,,,0
2152,1421,179,1,,,0
2153,1421,187,1,,,0
2154,1422,179,1,,,0
2155,1422,187,1,,,0
2156,1423,179,1,,,0
2157,1423,187,1,,,0
2158,1424,179,0,,,0
2159,1424,183,0,,,0
2160,1424,187,0,,,0
2161,1425,187,1,,,0
2162,1426,187,1,,,0
2163,1427,187,1,,,0
2164,1428,187,0,,,0
2165,1428,190,0,,,0
2166,1429,179,1,,,0
2167,1429,187,1,,,0
2168,1430,152,0,,,0
2169,1430,88,0,,,0
2170,1431,152,0,,,0
2171,1431,88,0,,,0
2172,1432,152,0,,,0
2173,1432,88,0,,,0
2174,1433,152,0,,,0
2175,1433,101,0,,,0
2176,1434,152,0,,,0
2177,1434,85,0,,,0
2178,1434,88,0,,,0
2179,1435,179,1,,,0
2180,1435,195,1,,,0
2181,1436,179,0,,,0
2182,1436,187,0,,,0
2183,1438,151,0,,,0
2184,1438,63,0,,,0
2185,1438,65,0,,,0
2186,1439,152,0,,,0
2187,1439,88,0,,,0
2188,1439,100,0,,,0
2189,1437,138,0,,,0
2190,1437,224,0,,,0
2191,1440,179,1,,,0
2192,1440,187,1,,,0
2193,1441,179,0,,,0
2194,1441,198,0,,,0
2195,1442,179,0,,,0
2196,1442,187,0,,,0
2197,1444,135,0,,,0
2198,1445,179,0,,,0
2199,1445,187,0,,,0
2200,1446,151,0,,,0
2201,1446,63,0,,,0
2202,1447,151,0,,,0
2203,1447,63,0,,,0
2204,1448,151,0,,,0
2205,1448,63,0,,,0
2206,1449,151,0,,,0
2207,1449,60,0,,,0
2208,1449,69,0,,,0
2209,1450,217,0,,,0
2210,1450,218,0,,,0
2211,1451,179,1,,,0
2212,1451,184,1,,,0
2213,1451,198,1,,,0
2214,1452,152,0,,,0
2215,1452,91,0,,,0
2216,1453,152,0,,,0
2217,1453,100,0,,,0
2218,1453,101,0,,,0
2219,1455,63,0,,,0
2220,1456,63,0,,,0
2221,1457,63,0,,,0
2222,1458,152,0,,,0
2223,1458,88,0,,,0
2224,1460,152,0,,,0
2225,1460,101,0,,,0
2226,1461,157,1,,,0
2227,1462,157,1,,,0
2228,1463,157,1,,,0
2229,1464,157,1,,,0
2230,1465,157,1,,,0
2231,1466,,0,,,0
2232,1472,63,0,,,0
2233,1473,179,0,,,0
2234,1473,183,0,,,0
2235,1473,220,0,,,0
2236,1473,226,0,,,0
2237,1475,88,0,,,0
2238,1476,100,0,,,0
2239,1476,86,0,,,0
2240,1477,88,0,,,0
2241,1478,88,0,,,0
2242,1479,88,0,,,0
2243,1479,86,0,,,0
2244,1482,88,0,,,0
2245,1485,88,0,,,0
2246,1487,88,0,,,0
2247,1488,88,0,,,0
2248,1489,86,0,,,0
2249,1489,100,0,,,0
2250,1489,103,1,,,0
2251,1490,179,0,,,0
2252,1490,187,0,,,0
2253,1490,195,0,,,0
2254,1491,179,1,,,0
2255,1491,195,1,,,0
2256,1492,179,0,,,0
2257,1492,187,0,,,0
2258,1493,179,0,,,0
2259,1493,198,0,,,0
2260,1493,195,0,,,0
2261,1493,227,0,,,0
2262,1500,227,0,,,0
2263,1500,184,0,,,0
2264,1500,198,0,,,0
2265,1501,179,1,,,0
2266,1501,187,1,,,0
2267,1502,179,1,,,0
2268,1502,198,1,,,0
2269,1502,199,1,,,0
2270,1503,179,1,,,0
2271,1503,184,1,,,0
2272,1503,188,1,,,0
2273,1503,197,1,,,0
2274,1504,179,0,,,0
2275,1504,183,0,,,0
2276,1504,187,0,,,0
2277,1504,198,0,,,0
2278,1506,179,0,,,0
2279,1506,187,0,,,0
2280,1507,179,1,,,0
2281,1507,183,1,,,0
2282,1507,184,1,,,0
2283,1512,88,0,,,0
2284,1512,91,0,,,0
2285,1512,85,0,,,0
2286,1512,86,0,,,0
2287,1513,179,1,,,0
2288,1513,227,1,,,0
2289,1513,199,1,,,0
2290,1513,198,1,,,0
2291,1514,150,0,,,0
2292,1515,150,0,,,0
2293,1517,88,0,,,0
2294,1518,176,0,,,0
2295,1518,134,0,,,0
2296,1519,88,0,,,0
2297,1520,88,0,,,0
2299,1527,88,0,,,0
2300,1528,179,1,,,0
2301,1528,198,1,,,0
2302,1528,199,1,,,0
2303,1530,179,1,,,0
2304,1530,191,1,,,0
2305,1531,179,0,,,0
2306,1531,184,0,,,0
2307,1531,197,0,,,0
2308,1531,183,0,,,0
2309,1532,179,0,,,0
2310,1532,198,0,,,0
2311,1532,202,0,,,0
2312,1533,179,0,,,0
2313,1533,199,0,,,0
2314,1533,204,0,,,0
2315,1535,85,0,,,0
2316,1535,88,0,,,0
2317,1536,88,0,,,0
2318,1536,86,0,,,0
2319,1537,88,0,,,0
2320,1537,86,0,,,0
2321,1540,150,0,,,0
2322,1541,61,0,,,0
2323,1541,142,0,,,0
2324,1541,63,0,,,0
2325,1542,63,0,,,0
2326,1543,88,0,,,0
2327,1543,86,0,,,0
2328,1544,88,0,,,0
2329,1544,86,0,,,0
2330,1545,85,0,,,0
2331,1545,86,0,,,0
2332,1545,88,0,,,0
2333,1546,134,0,,,0
2334,1546,,0,,,0
2335,1548,179,1,,,0
2336,1548,199,1,,,0
2337,1553,179,1,,,0
2338,1553,204,1,,,0
2339,1547,179,1,,,0
2340,1547,202,1,,,0
2341,1547,204,1,,,0
2342,1568,179,1,,,0
2343,1568,198,1,,,0
2344,1568,202,1,,,0
2345,1569,179,0,,,0
2346,1569,198,0,,,0
2347,1569,203,0,,,0
2348,1569,204,0,,,0
2349,1570,198,1,,,0
2350,1570,202,1,,,0
2351,1570,228,0,,,0
2352,1586,88,0,,,0
2353,1586,86,0,,,0
2354,1588,198,1,,,0
2355,1588,199,1,,,0
2356,1589,179,0,,,0
2357,1589,190,0,,,0
2358,1590,229,1,10/6/2016 0:00:00,,0
2359,1590,235,1,10/6/2016 0:00:00,,0
2360,1591,229,1,,,0
2361,1591,235,1,,,0
2362,1591,263,1,,,0
2363,1592,229,0,,,0
2364,1592,235,0,,,0
2365,1593,229,1,,,0
2366,1593,263,1,,,0
2367,1594,179,0,,,0
2368,1594,198,0,,,0
2369,1594,202,0,,,0
2370,1595,179,1,,,0
2371,1595,202,1,,,0
2372,1595,198,1,,,0
2373,1595,184,1,,,0
2374,1596,179,0,,,0
2375,1596,227,0,,,0
2376,1596,198,0,,,0
2377,1596,183,0,,,0
2378,1597,284,0,,,0
2379,1598,179,0,,,0
2380,1598,183,0,,,0
2381,1598,195,0,,,0
2382,1599,179,0,,,0
2383,1599,198,0,,,0
2384,1600,179,0,,,0
2385,1600,187,0,,,0
2386,1601,179,0,,,0
2387,1601,198,0,,,0
2388,1602,179,0,,,0
2389,1602,187,0,,,0
2390,1603,179,0,,,0
2391,1603,198,0,,,0
2392,1603,202,0,,,0
2393,1604,179,0,,,0
2394,1604,198,0,,,0
2395,1604,202,0,,,0
2396,1604,204,0,,,0
2397,1605,184,1,,,0
2398,1605,205,1,,,0
2399,1607,179,0,,,0
2400,1607,191,0,,,0
2401,1608,179,0,,,0
2402,1608,183,0,,,0
2403,1608,190,0,,,0
2404,1613,63,0,,,0
2405,1614,258,1,,,0
2406,1615,229,1,,,0
2407,1615,235,1,,,0
2408,1618,86,0,,,0
2409,1618,100,0,,,0
2410,1619,88,0,,,0
2411,1619,86,0,,,0
2412,1621,88,0,,,0
2413,1623,179,1,,,0
2414,1623,195,0,,,0
2415,1623,187,1,,,0
2416,1624,179,0,,,0
2417,1624,285,0,,,0
2418,1624,182,0,,,0
2419,1624,284,0,,,0
2420,1626,179,0,,,0
2421,1626,183,0,,,0
2422,1626,195,0,,,0
2423,1626,190,0,,,0
2424,1627,179,1,,,0
2425,1627,187,1,,,0
2426,1629,179,0,,,0
2427,1629,198,0,,,0
2428,1630,179,0,,,0
2429,1630,183,0,,,0
2430,1630,187,0,,,0
2431,1630,182,0,,,0
2432,1634,61,0,,,0
2433,1634,63,0,,,0
2434,1634,69,0,,,0
2435,1635,150,0,,,0
2436,1638,88,0,,,0
2437,1639,88,0,,,0
2438,1639,86,0,,,0
2439,1639,85,0,,,0
2440,1643,88,0,,,0
2441,1643,86,0,,,0
2442,1642,286,1,,,0
2443,1645,229,0,,,0
2444,1645,232,0,,,0
2445,1645,243,0,,,0
2446,1645,263,0,,,0
2447,1646,232,1,,,0
2448,1646,267,1,,,0
2449,1646,269,1,,,0
2450,1648,229,0,,,0
2451,1648,235,0,,,0
2452,1647,176,0,,,0
2453,1647,134,0,,,0
2454,1647,88,0,,,0
2455,1649,229,1,,,0
2456,1649,235,1,,,0
2457,1649,243,1,,,0
2458,1651,204,1,,,0
2459,1651,187,1,,,0
2460,1652,183,0,,,0
2461,1652,187,0,,,0
2462,1652,195,0,,,0
2463,1654,179,1,,,0
2464,1654,195,1,,,0
2465,1653,195,0,,,0
2466,1653,187,0,,,0
2467,1653,179,0,,,0
2468,1655,179,0,,,0
2469,1655,198,0,,,0
2470,1656,150,0,,,0
2471,1657,150,0,,,0
2472,1658,63,0,,,0
2473,1659,61,0,,,0
2474,1659,63,0,,,0
2475,1660,61,0,,,0
2476,1660,63,0,,,0
2477,1661,61,0,,,0
2478,1661,63,0,,,0
2479,1662,281,1,,,0
2480,1663,229,0,,,0
2481,1663,235,0,,,0
2482,1664,229,1,,,0
2483,1664,235,1,,,0
2484,1665,229,0,,,0
2485,1665,235,0,,,0
2486,1666,232,0,,,0
2487,1666,271,0,,,0
2488,1667,229,1,,,0
2489,1667,231,1,,,0
2490,1667,243,1,,,0
2491,1667,235,1,,,0
2492,1670,86,0,,,0
2493,1670,88,0,,,0
2494,1670,98,0,,,0
2495,1670,100,0,,,0
2496,1671,88,0,,,0
2497,1671,86,0,,,0
2498,1671,131,0,,,0
2499,1672,88,0,,,0
2500,1672,86,0,,,0
2501,1674,88,0,,,0
2502,1674,92,0,,,0
2503,1676,179,0,,,0
2504,1676,284,0,,,0
2505,1676,186,0,,,0
2506,1676,226,0,,,0
2507,1676,184,0,,,0
2508,1677,64,0,,,0
2509,1677,63,0,,,0
2510,1679,146,0,,,0
2511,1679,61,0,,,0
2512,1680,63,0,,,0
2513,1680,61,0,,,0
2514,1681,292,0,,,0
2515,1682,179,1,,,0
2516,1682,187,1,,,0
2517,1682,190,1,,,0
2518,1683,227,1,,,0
2519,1683,179,1,,,0
2520,1683,195,1,,,0
2521,1684,179,0,,,0
2522,1684,187,0,,,0
2523,1684,293,0,,,0
2524,1685,179,0,,,0
2525,1685,204,0,,,0
2526,1686,179,0,,,0
2527,1686,195,0,,,0
2528,1686,294,0,,,0
2529,1687,179,0,,,0
2530,1687,198,0,,,0
2531,1687,199,0,,,0
2532,1688,174,1,,,0
2533,1688,86,1,,,0
2534,1688,100,1,,,0
2535,1689,88,0,,,0
2536,1689,86,0,,,0
2537,1690,88,0,,,0
2538,1690,86,0,,,0
2539,1691,92,0,,,0
2540,1693,179,0,,,0
2541,1693,184,0,,,0
2542,1693,198,0,,,0
2543,1693,204,0,,,0
2544,1694,88,0,,,0
2545,1694,86,0,,,0
2546,1695,85,0,,,0
2547,1696,86,0,,,0
2548,1696,88,0,,,0
2549,1696,100,0,,,0
2550,1697,88,0,,,0
2551,1697,86,0,,,0
2552,1698,229,0,,,0
2553,1698,235,0,,,0
2554,1698,232,1,,,0
2555,1698,267,1,,,0
2556,1698,276,1,,,0
2557,1698,286,0,,,0
2558,1701,229,1,,,0
2559,1701,235,1,,,0
2560,1701,238,0,,,0
2561,1702,229,0,,,0
2562,1702,235,0,,,0
2563,1700,139,0,,,0
2564,1703,139,0,,,0
2565,1704,139,0,,,0
2566,1705,139,0,,,0
2567,1706,139,0,,,0
2568,1707,139,0,,,0
2569,1708,139,0,,,0
2570,1709,139,0,,,0
2571,1710,88,0,,,0
2572,1710,86,0,,,0
2573,1712,86,0,,,0
2574,1712,88,0,,,0
2575,1712,90,0,,,0
2576,1713,88,0,,,0
2577,1713,86,0,,,0
2578,1714,88,0,,,0
2579,1714,86,0,,,0
2580,1716,84,0,,,0
2581,1716,88,0,,,0
2582,1716,85,0,,,0
2583,1718,291,0,,,0
2584,1718,179,0,,,0
2585,1718,184,0,,,0
2586,1718,198,0,,,0
2587,1718,199,0,,,0
2588,1718,220,0,,,0
2589,1719,179,0,,,0
2590,1719,187,0,,,0
2591,1719,195,0,,,0
2592,1719,198,0,,,0
2593,1720,179,0,,,0
2594,1720,226,0,,,0
2595,1720,198,0,,,0
2596,1720,183,0,,,0
2597,1721,179,0,,,0
2598,1721,187,0,,,0
2599,1722,179,1,,,0
2600,1722,198,1,,,0
2601,1722,191,1,,,0
2602,1723,63,0,,,0
2603,1723,60,0,,,0
2604,1723,61,0,,,0
2605,1724,63,0,,,0
2606,1724,158,0,,,0
2607,1726,229,0,,,0
2608,1726,243,0,,,0
2609,1726,263,0,,,0
2610,1726,264,0,,,0
2611,1727,229,0,,,0
2612,1727,243,0,,,0
2613,1727,263,0,,,0
2614,1727,231,0,,,0
2615,1729,88,0,,,0
2616,1729,86,0,,,0
2617,1730,88,0,,,0
2618,1730,86,0,,,0
2619,1731,84,0,,,0
2620,1731,86,0,,,0
2621,1731,85,0,,,0
2622,1731,88,0,,,0
2623,1732,85,0,,,0
2624,1732,88,0,,,0
2625,1732,86,0,,,0
2626,1733,88,0,,,0
2627,1733,86,0,,,0
2628,1733,85,0,,,0
2629,1734,63,0,,,0
2630,1735,63,0,,,0
2631,1736,296,0,,,0
2632,1737,179,0,,,0
2633,1737,228,0,,,0
2634,1737,195,0,,,0
2635,1737,226,0,,,0
2636,1737,184,0,,,0
2637,1738,88,0,,,0
2638,1739,88,0,,,0
2639,1740,88,0,,,0
2640,1741,231,0,,,0
2641,1741,229,0,,,0
2642,1741,235,0,,,0
2643,1742,229,0,,,0
2644,1742,248,0,,,0
2645,1742,243,0,,,0
2646,1742,251,0,,,0
2647,1743,229,0,,,0
2648,1743,238,0,,,0
2649,1743,243,0,,,0
2650,1744,139,0,,,0
2651,1745,139,0,,,0
2652,1746,139,0,,,0
2653,1747,139,0,,,0
2654,1748,139,0,,,0
2655,1749,139,0,,,0
2656,1750,139,0,,,0
2657,1751,139,0,,,0
2658,1752,139,0,,,0
2659,1753,139,0,,,0
2660,1754,139,0,,,0
2661,1755,139,0,,,0
2662,1756,139,0,,,0
2663,1757,179,1,,,0
2664,1757,187,1,,,0
2665,1757,191,1,,,0
2666,1758,179,0,,,0
2667,1758,183,0,,,0
2668,1758,187,0,,,0
2669,1758,198,0,,,0
2670,1758,294,0,,,0
2671,1758,195,0,,,0
2672,1759,198,0,,,0
2673,1761,179,0,,,0
2674,1761,183,0,,,0
2675,1761,294,0,,,0
2676,1761,195,0,,,0
2677,1761,226,0,,,0
2678,1762,179,0,,,0
2679,1762,187,0,,,0
2680,1765,229,0,,,0
2681,1765,231,0,,,0
2682,1765,251,0,,,0
2683,1765,243,0,,,0
2684,1765,248,0,,,0
2685,1766,176,0,,,0
2686,1766,141,0,,,0
2687,1768,179,0,,,0
2688,1768,183,0,,,0
2689,1768,195,0,,,0
2690,1768,226,0,,,0
2691,1768,220,0,,,0
2692,1771,179,1,,,0
2693,1771,187,1,,,0
2694,1771,294,1,,,0
2695,1772,187,0,,,0
2696,1773,179,0,,,0
2697,1773,187,0,,,0
2698,1773,198,0,,,0
2699,1774,179,1,,,0
2700,1774,187,1,,,0
2701,1775,179,0,,,0
2702,1775,187,0,,,0
2703,1775,198,0,,,0
2704,1776,179,0,,,0
2705,1776,202,0,,,0
2706,1776,203,0,,,0
2707,1777,179,0,,,0
2708,1777,187,0,,,0
2709,1779,179,1,,,0
2710,1779,187,1,,,0
2711,1779,294,0,,,0
2712,1779,183,0,,,0
2713,1780,179,0,,,0
2714,1780,187,0,,,0
2715,1781,63,0,,,0
2716,1782,229,0,,,0
2717,1782,235,0,,,0
2718,1783,229,0,,,0
2719,1783,263,0,,,0
2720,1784,276,1,,,0
2721,1784,229,1,,,0
2722,1784,263,1,,,0
2723,1784,264,1,,,0
2724,1784,265,1,,,0
2725,1785,229,1,,,0
2726,1785,235,1,,,0
2727,1785,238,0,,,0
2728,1785,248,0,,,0
2729,1786,139,0,,,0
2730,1787,139,0,,,0
2731,1788,139,0,,,0
2732,1789,139,0,,,0
2733,1790,139,0,,,0
2734,1791,139,0,,,0
2735,1792,139,0,,,0
2736,1793,139,0,,,0
2737,1794,179,0,,,0
2738,1794,187,0,,,0
2739,1795,179,0,,,0
2740,1795,187,0,,,0
2741,1797,101,0,,,0
2742,1798,150,0,,,0
2743,1799,97,0,,,0
2744,1801,63,0,,,0
2745,1801,61,0,,,0
2746,1802,61,0,,,0
2747,1803,68,0,,,0
2748,1804,229,0,,,0
2749,1804,243,0,,,0
2750,1806,91,1,,,0
2751,1806,88,1,,,0
2752,1806,86,1,,,0
2753,1807,88,0,,,0
2754,1809,150,0,,,0
2755,1810,63,0,,,0
2756,1810,61,0,,,0
2757,1811,65,0,,,0
2758,1811,61,0,,,0
2759,1811,63,0,,,0
2760,1812,63,0,,,0
2761,1812,61,0,,,0
2762,1814,179,1,,,0
2763,1814,187,1,,,0
2764,1814,192,1,,,0
2765,1815,179,0,,,0
2766,1815,204,0,,,0
2767,1815,202,0,,,0
2768,1816,179,0,,,0
2769,1816,187,0,,,0
2770,1817,179,0,,,0
2771,1817,187,0,,,0
2772,1817,198,0,,,0
2773,1817,202,0,,,0
2774,1818,179,0,,,0
2775,1818,297,0,,,0
2776,1819,179,1,,,0
2777,1819,294,1,,,0
2778,1819,195,1,,,0
2779,1819,190,1,,,0
2780,1820,179,0,,,0
2781,1820,187,0,,,0
2782,1821,179,0,,,0
2783,1821,187,0,,,0
2784,1822,179,0,,,0
2785,1822,191,0,,,0
2786,1823,179,0,,,0
2787,1823,198,0,,,0
2788,1823,202,0,,,0
2789,1823,204,0,,,0
2790,1824,179,0,,,0
2791,1824,226,0,,,0
2792,1824,190,0,,,0
2793,1825,179,0,,,0
2794,1825,184,0,,,0
2795,1825,202,0,,,0
2796,1825,204,0,,,0
2797,1826,179,1,,,0
2798,1826,294,1,,,0
2799,1826,190,1,,,0
2800,1826,298,1,,,0
2801,1827,179,1,10/12/2016 0:00:00,,0
2802,1827,299,1,10/12/2016 0:00:00,,0
2803,1828,88,0,,,0
2804,1828,100,0,,,0
2805,1828,86,0,,,0
2806,1830,88,0,,,0
2807,1830,86,0,,,0
2808,1830,84,0,,,0
2809,1831,88,0,,,0
2810,1831,86,0,,,0
2811,1832,88,0,,,0
2812,1832,86,0,,,0
2813,1833,88,0,,,0
2814,1833,86,0,,,0
2815,1834,88,0,,,0
2816,1834,86,0,,,0
2817,1835,229,0,,,0
2818,1835,232,0,,,0
2819,1835,231,0,,,0
2820,1835,243,0,,,0
2821,1836,229,1,,,0
2822,1836,235,1,,,0
2823,1836,243,1,,,0
2824,1837,229,0,,,0
2825,1837,235,1,,,0
2826,1837,286,0,,,0
2827,1838,88,0,,,0
2828,1838,86,0,,,0
2830,1839,85,0,,,0
2831,1839,86,0,,,0
2832,1839,88,0,,,0
2833,1840,86,0,,,0
2834,1841,179,0,,,0
2835,1841,187,0,,,0
2836,1842,179,0,,,0
2837,1842,187,0,,,0
2838,1843,179,0,,,0
2839,1843,187,0,,,0
2840,1844,179,0,,,0
2841,1844,187,0,,,0
2842,1845,179,0,,,0
2843,1845,191,0,,,0
2844,1846,179,0,,,0
2845,1846,198,0,,,0
2846,1847,179,0,,,0
2847,1847,184,0,,,0
2848,1847,198,0,,,0
2849,1848,179,0,,,0
2850,1848,198,0,,,0
2851,1848,199,0,,,0
2852,1848,202,0,,,0
2853,1848,203,0,,,0
2854,1849,179,1,,,0
2855,1849,293,1,,,0
2856,1849,187,1,,,0
2857,1851,179,0,,,0
2858,1851,228,0,,,0
2859,1851,294,0,,,0
2860,1851,195,0,,,0
2861,1852,85,0,,,0
2862,1852,88,0,,,0
2863,1852,86,0,,,0
2864,1852,90,0,,,0
2865,1853,88,0,,,0
2866,1853,86,0,,,0
2867,1851,321,0,,,0
2868,1855,88,0,,,0
2869,1856,86,0,,,0
2870,1857,88,0,,,0
2871,1857,143,0,,,0
2872,1857,86,0,,,0
2873,1858,88,0,,,0
2874,1858,86,0,,,0
2875,1858,143,0,,,0
2876,1859,235,0,,,0
2877,1860,229,0,,,0
2878,1860,235,0,,,0
2879,1860,263,0,,,0
2880,1861,229,0,,,0
2881,1861,235,0,,,0
2882,1861,231,0,,,0
2883,1861,251,0,,,0
2884,1861,243,0,,,0
2885,1862,229,0,,,0
2886,1862,235,0,,,0
2887,1862,323,0,,,0
2888,1863,229,0,,,0
2889,1863,235,0,,,0
2890,1866,179,0,,,0
2891,1866,183,0,,,0
2892,1866,195,0,,,0
2893,1866,327,0,,,0
2894,1867,179,0,,,0
2895,1867,187,0,,,0
2896,1868,86,0,,,0
2897,1868,88,0,,,0
2898,1869,88,0,,,0
2899,1869,86,0,,,0
2900,1872,229,0,,,0
2901,1872,235,0,,,0
2902,1873,229,1,,,0
2903,1873,243,1,,,0
2904,1873,248,1,,,0
2905,1875,65,0,,,0
2906,1875,61,0,,,0
2907,1878,85,0,,,0
2908,1878,88,0,,,0
2909,1878,86,0,,,0
2910,1879,141,0,,,0
2911,1880,65,0,,,0
2912,1881,150,0,,,0
2913,1882,61,0,,,0
2914,1884,179,0,,,0
2915,1884,187,0,,,0
2916,1885,179,0,,,0
2917,1885,183,0,,,0
2918,1826,228,1,,,0
2919,1886,179,0,,,0
2920,1886,298,0,,,0
2921,1887,179,0,,,0
2922,1887,202,0,,,0
2923,1887,203,0,,,0
2924,1888,179,0,,,0
2925,1888,187,0,,,0
2926,1889,179,0,,,0
2927,1889,187,0,,,0
2928,1889,197,0,,,0
2929,1890,329,1,,,0
2930,1891,86,0,,,0
2931,1891,88,0,,,0
2932,1891,90,0,,,0
2933,1891,141,0,,,0
2934,1892,229,0,,,0
2935,1892,238,0,,,0
2936,1892,263,0,,,0
2937,1893,229,0,,,0
2938,1893,331,0,,,0
2939,1893,332,0,,,0
2940,1894,179,0,,,0
2941,1894,187,0,,,0
2942,1895,179,0,,,0
2943,1895,195,0,,,0
2944,1897,179,0,,,0
2945,1897,183,0,,,0
2946,1897,298,0,,,0
2947,1897,190,0,,,0
2948,1899,88,0,,,0
2949,1899,86,0,,,0
2950,1899,141,0,,,0
2951,1900,173,0,,,0
2952,1900,86,0,,,0
2953,1901,173,0,,,0
2954,1901,86,0,,,0
2955,1902,88,0,,,0
2956,1902,86,0,,,0
2957,1903,88,0,,,0
2958,1903,86,0,,,0
2959,1904,88,0,,,0
2960,1904,86,0,,,0
2961,1904,143,0,,,0
2962,1905,229,1,10/20/2016 0:00:00,,0
2963,1905,332,1,10/20/2016 0:00:00,,0
2964,1905,331,1,10/20/2016 0:00:00,,0
2965,1906,229,1,,,0
2966,1906,235,1,,,0
2967,1906,264,1,,,0
2968,1906,263,1,,,0
2969,1908,229,1,9/19/2016 0:00:00,,0
2970,1908,332,1,9/19/2016 0:00:00,,0
2971,1908,331,1,9/19/2016 0:00:00,,0
2972,1909,280,1,10/20/2016 0:00:00,,0
2973,1909,263,1,10/20/2016 0:00:00,,0
2974,1910,229,0,,,0
2975,1910,231,0,,,0
2976,1911,229,0,,,0
2977,1911,235,0,,,0
2978,1912,88,0,,,0
2979,1912,86,0,,,0
2980,1914,88,0,,,0
2981,1914,86,0,,,0
2982,1914,143,0,,,0
2983,1915,295,0,,,0
2984,1915,61,0,,,0
2985,1915,140,0,,,0
2986,1916,63,0,,,0
2987,1916,61,0,,,0
2988,1917,161,0,,,0
2989,1918,179,0,,,0
2990,1918,202,0,,,0
2991,1919,179,0,,,0
2992,1919,183,0,,,0
2993,1919,195,0,,,0
2994,1920,179,1,,,0
2995,1920,294,1,,,0
2996,1920,195,1,,,0
2997,1921,179,0,,,0
2998,1921,187,0,,,0
2999,1923,179,1,10/1/2016 0:00:00,,0
3000,1923,321,1,10/1/2016 0:00:00,,0
3001,1923,322,1,10/1/2016 0:00:00,,0
3002,1924,179,0,,,0
3003,1924,184,0,,,0
3004,1924,202,0,,,0
3005,1925,179,0,,,0
3006,1925,202,0,,,0
3007,1926,179,0,,,0
3008,1926,184,0,,,0
3009,1926,195,0,,,0
3010,1926,226,0,,,0
3011,1926,321,0,,,0
3012,1926,333,0,,,0
3013,1926,334,0,,,0
3014,1928,88,0,,,0
3015,1928,86,0,,,0
3016,1929,88,0,,,0
3017,1929,86,0,,,0
3018,1930,88,0,,,0
3019,1930,88,0,,,0
3020,1931,231,0,,,0
3021,1931,232,0,,,0
3022,1931,243,0,,,0
3023,1933,335,1,10/20/2016 0:00:00,,0
3024,1934,335,0,,,0
3025,1935,139,0,,,0
3026,1936,139,0,,,0
3027,1937,139,0,,,0
3028,1938,139,0,,,0
3029,1939,139,0,,,0
3030,1940,139,0,,,0
3031,1941,139,0,,,0
3032,1942,139,0,,,0
3033,1943,88,0,,,0
3034,1943,86,0,,,0
3035,1943,143,0,,,0
3036,1945,88,0,,,0
3037,1945,86,0,,,0
3038,1946,86,0,,,0
3039,1946,88,0,,,0
3040,1946,143,0,,,0
3041,1947,88,0,,,0
3042,1947,86,0,,,0
3043,1947,143,0,,,0
3044,1949,179,0,,,0
3045,1949,184,0,,,0
3046,1949,187,0,,,0
3047,1949,202,0,,,0
3048,1952,227,1,,,0
3049,1965,63,0,,,0
3050,1965,61,0,,,0
3051,1966,179,0,,,0
3052,1966,198,0,,,0
3053,1967,229,1,9/26/2016 0:00:00,,0
3054,1967,248,1,9/26/2016 0:00:00,,0
3055,1969,229,0,,,0
3056,1969,231,0,,,0
3057,1969,251,0,,,0
3058,1969,243,0,,,0
3059,1969,248,0,,,0
3060,1969,247,0,,,0
3061,1970,229,1,10/20/2016 0:00:00,,0
3062,1970,336,1,10/20/2016 0:00:00,,0
3063,1971,229,0,,,0
3064,1971,243,0,,,0
3065,1970,230,1,10/20/2016 0:00:00,,0
3066,1972,229,1,10/20/2016 0:00:00,,0
3067,1972,230,1,10/20/2016 0:00:00,,0
3068,1972,254,1,10/20/2016 0:00:00,,0
3069,1977,88,0,,,0
3070,1977,86,0,,,0
3071,1978,88,0,,,0
3072,1978,86,0,,,0
3073,1984,63,0,,,0
3074,1984,61,0,,,0
3075,1984,142,0,,,0
3076,1985,162,0,,,0
3077,1986,162,0,,,0
3078,1992,229,0,,,0
3079,1992,235,0,,,0
3080,1992,276,0,,,0
3081,1993,335,0,,,0
3082,1993,283,0,,,0
3083,1993,337,0,,,0
3084,1994,338,0,,,0
3085,1994,229,0,,,0
3086,1994,243,0,,,0
3087,1873,283,1,,,0
3088,1995,229,0,,,0
3089,1995,235,0,,,0
3090,1996,139,0,,,0
3091,1997,139,0,,,0
3092,1998,139,0,,,0
3093,1999,139,0,,,0
3094,2000,139,0,,,0
3095,2001,139,0,,,0
3096,2002,139,0,,,0
3097,2003,139,0,,,0
3098,2004,139,0,,,0
3099,2018,150,0,,,0
3100,2020,179,0,,,0
3101,2020,187,0,,,0
3102,2021,179,0,,,0
3103,2021,187,0,,,0
3104,2022,179,0,,,0
3105,2022,187,0,,,0
3106,2023,179,0,,,0
3107,2023,187,0,,,0
3108,2023,198,0,,,0
3109,2024,179,0,,,0
3110,2024,187,0,,,0
3111,2025,179,0,,,0
3112,2025,184,0,,,0
3113,2025,183,0,,,0
3114,2026,227,1,10/7/2016 0:00:00,,0
3115,2026,179,1,10/7/2016 0:00:00,,0
3116,2026,198,1,10/7/2016 0:00:00,,0
3117,2027,179,0,,,0
3118,2027,198,0,,,0
3119,2027,190,0,,,0
3120,2028,158,0,,,0
3121,2028,63,0,,,0
3122,2028,61,0,,,0
3123,2029,63,0,,,0
3124,2031,229,0,,,0
3125,2032,229,1,10/20/2016 0:00:00,,0
3126,2032,263,1,10/20/2016 0:00:00,,0
3127,2032,267,1,10/20/2016 0:00:00,,0
3128,2032,332,1,10/20/2016 0:00:00,,0
3129,2032,331,1,10/20/2016 0:00:00,,0
3130,2034,,0,,,0
3131,2035,229,0,,,0
3132,2035,239,0,,,0
3133,2035,263,0,,,0
3134,2035,264,0,,,0
3135,2038,140,0,,,0
3136,2039,140,0,,,0
3137,2040,140,1,,,0
3138,2041,63,0,,,0
3139,2041,61,0,,,0
3140,2042,179,0,,,0
3141,2042,202,0,,,0
3142,2044,179,0,,,0
3143,2044,187,0,,,0
3144,2045,179,0,,,0
3145,2045,187,0,,,0
3146,2047,179,0,,,0
3147,2047,184,0,,,0
3148,2047,202,0,,,0
3149,2047,198,0,,,0
3150,2048,179,0,,,0
3151,2048,202,0,,,0
3152,2048,198,0,,,0
3153,2050,,0,,,0
3154,2050,,0,,,0
3155,2050,,0,,,0
3156,2050,,0,,,0
3157,2051,179,0,,,0
3158,2051,200,0,,,0
3159,2051,202,0,,,0
3160,2051,199,0,,,0
3161,2053,88,0,,,0
3162,2054,88,0,,,0
3163,2054,91,0,,,0
3164,2055,229,0,,,0
3165,2055,243,0,,,0
3166,2055,338,1,,,0
3167,2056,229,0,,,0
3168,2056,263,0,,,0
3169,2056,267,0,,,0
3170,2056,264,0,,,0
3171,2056,232,0,,,0
3172,2057,340,0,,,0
3173,2057,339,0,,,0
3174,2058,281,0,,,0
3175,2059,88,0,,,0
3176,2059,134,0,,,0
3177,2060,88,0,,,0
3178,2060,86,0,,,0
3179,2060,143,0,,,0
3180,2061,91,1,10/13/2016 0:00:00,,0
3181,2062,179,0,,,0
3182,2062,198,0,,,0
3183,2062,202,0,,,0
3184,2063,287,0,,,0
3185,2063,179,0,,,0
3186,2063,226,0,,,0
3187,2052,179,0,,,0
3188,2052,183,0,,,0
3189,2052,187,0,,,0
3190,2052,198,0,,,0
3191,2064,179,1,10/7/2016 0:00:00,,0
3192,2064,191,1,10/7/2016 0:00:00,,0
3193,2066,179,0,,,0
3194,2066,204,0,,,0
3195,2066,202,0,,,0
3196,2067,150,1,10/10/2016 0:00:00,,0
3197,2067,61,1,10/10/2016 0:00:00,,0
3198,2067,69,1,10/10/2016 0:00:00,,0
3199,2068,179,0,,,0
3200,2068,183,0,,,0
3201,2068,190,0,,,0
3202,2068,341,0,,,0
3203,2069,179,0,,,0
3204,2069,187,0,,,0
3205,2069,198,0,,,0
3206,2070,65,0,,,0
3207,2071,179,0,,,0
3208,2071,183,0,,,0
3209,2072,174,0,,,0
3210,2072,86,0,,,0
3211,2072,100,0,,,0
3212,2073,88,0,,,0
3213,2073,86,0,,,0
3214,2073,85,0,,,0
3215,2073,91,0,,,0
3216,2074,88,0,,,0
3217,2074,86,0,,,0
3218,2074,143,0,,,0
3219,2074,84,0,,,0
3220,2075,287,0,,,0
3221,2075,179,0,,,0
3222,2075,186,0,,,0
3223,2076,287,0,,,0
3224,2078,141,0,,,0
3225,2079,88,0,,,0
3226,2079,86,0,,,0
3227,2079,100,0,,,0
3228,2080,179,0,,,0
3229,2080,198,0,,,0
3230,2081,179,0,,,0
3231,2081,198,0,,,0
3232,2081,199,0,,,0
3233,2081,200,0,,,0
3234,2082,150,0,,,0
3235,2082,61,0,,,0
3236,2083,60,0,,,0
3237,2083,61,0,,,0
3238,2083,178,0,,,0
3239,2084,229,0,,,0
3240,2084,263,0,,,0
3241,2084,264,0,,,0
3242,2084,267,0,,,0
3243,2086,134,1,10/27/2016 0:00:00,,0
3244,2087,179,0,,,0
3245,2087,294,0,,,0
3246,2087,195,0,,,0
3247,2088,179,0,,,0
3248,2088,198,0,,,0
3249,2088,203,0,,,0
3250,2088,202,0,,,0
3251,2090,179,0,,,0
3252,2090,187,0,,,0
3253,2090,183,0,,,0
3254,2092,179,0,,,0
3255,2092,187,0,,,0
3256,2093,146,1,11/1/2016 0:00:00,,0
3257,2094,229,0,,,0
3258,2094,235,0,,,0
3259,2094,231,0,,,0
3260,2094,263,0,,,0
3261,2094,264,0,,,0
3262,2095,229,0,,,0
3263,2095,231,0,,,0
3264,2096,229,0,,,0
3265,2096,235,0,,,0
3266,2096,238,0,,,0
3267,2096,243,0,,,0
3268,2097,229,0,,,0
3269,2097,231,0,,,0
3270,2097,243,0,,,0
3271,2098,229,0,,,0
3272,2098,243,0,,,0
3273,2098,254,0,,,0
3274,2099,340,0,,,0
3275,2099,339,0,,,0
3276,2100,229,0,,,0
3277,2100,263,0,,,0
3278,2100,267,0,,,0
3279,2100,264,0,,,0
3280,2101,86,1,10/24/2016 0:00:00,,0
3281,2101,100,1,10/24/2016 0:00:00,,0
3282,2103,91,0,,,0
3283,2104,179,0,,,0
3284,2104,198,0,,,0
3285,2104,199,0,,,0
3286,2104,202,0,,,0
3287,2105,179,0,,,0
3288,2105,341,0,,,0
3289,2105,324,0,,,0
3290,2105,294,0,,,0
3291,2105,183,0,,,0
3292,2105,187,0,,,0
3293,2106,88,0,,,0
3294,2106,86,0,,,0
3295,2107,88,0,,,0
3296,2107,86,0,,,0
3297,2108,88,0,,,0
3298,2108,86,0,,,0
3299,2109,88,0,,,0
3300,2109,86,0,,,0
3301,2110,86,0,,,0
3302,2110,88,0,,,0
3303,2110,100,0,,,0
3304,2111,86,0,,,0
3305,2111,88,0,,,0
3306,2111,100,0,,,0
3307,2113,229,0,,,0
3308,2113,263,0,,,0
3309,2113,264,0,,,0
3310,2113,267,0,,,0
3311,2114,61,1,10/27/2016 0:00:00,,0
3312,2114,69,1,10/27/2016 0:00:00,,0
3313,2116,179,0,,,0
3314,2116,183,0,,,0
3315,2116,187,0,,,0
3316,2116,294,0,,,0
3317,2117,179,0,,,0
3318,2117,294,0,,,0
3319,2117,298,0,,,0
3320,2117,187,0,,,0
3321,2119,179,0,,,0
3322,2119,183,0,,,0
3323,2119,187,0,,,0
3324,2119,181,0,,,0
3325,2120,179,0,,,0
3326,2120,198,0,,,0
3327,2120,188,0,,,0
3328,2120,183,0,,,0
3329,2120,199,0,,,0
3330,2121,179,0,,,0
3331,2121,187,0,,,0
3332,2122,179,0,,,0
3333,2122,198,0,,,0
3334,2122,202,0,,,0
3335,2123,150,0,,,0
3336,2123,61,0,,,0
3337,2124,150,0,,,0
3338,2124,61,0,,,0
3339,2125,150,0,,,0
3340,2125,61,0,,,0
3341,2126,65,0,,,0
3342,2126,61,0,,,0
3343,2127,174,1,11/1/2016 0:00:00,,1
3344,2127,100,1,11/1/2016 0:00:00,,0
3345,2128,167,1,11/1/2016 0:00:00,,0
3346,2129,167,1,10/31/2016 0:00:00,,0
3347,2130,167,1,10/31/2016 0:00:00,,0
3348,2131,179,0,,,0
3349,2131,191,0,,,0
3350,2131,348,0,,,0
3351,2132,179,0,,,0
3352,2132,191,0,,,0
3353,2132,348,0,,,0
3354,2133,179,0,,,0
3355,2133,191,0,,,0
3356,2133,348,0,,,0
3357,2134,348,0,,,0
3358,2135,179,0,,,0
3359,2135,181,0,,,0
3360,2135,183,0,,,0
3361,2135,187,0,,,0
3362,2136,344,0,,,0
3363,2136,345,0,,,0
3364,2136,318,0,,,0
3365,2136,300,0,,,0
3366,2137,179,0,,,0
3367,2137,186,0,,,0
3368,2137,223,0,,,0
